subset,system,model_tag,query_id,level,rep,status,latency_s,cost_usd,judge_score,n_iterations
C1,baseline,gemini,Q01,factual,1,OK,3.382,0.06002,5,
C1,baseline,gemini,Q01,factual,2,OK,2.611,0.060055,5,
C1,baseline,gemini,Q02,factual,1,OK,3.221,0.060188,5,
C1,baseline,gemini,Q02,factual,2,OK,4.541,0.060196,5,
C1,baseline,gemini,Q03,factual,1,OK,3.287,0.060365,5,
C1,baseline,gemini,Q03,factual,2,OK,3.515,0.06008,5,
C1,baseline,gemini,Q04,factual,1,OK,6.923,0.059984,5,
C1,baseline,gemini,Q04,factual,2,OK,11.229,0.059966,5,
C1,baseline,gemini,Q05,factual,1,OK,3.338,0.060209,5,
C1,baseline,gemini,Q05,factual,2,OK,2.997,0.060219,5,
C1,baseline,gemini,Q06,factual,1,OK,4.649,0.060815,5,
C1,baseline,gemini,Q06,factual,2,OK,6.767,0.061385,4,
C1,baseline,gemini,Q07,factual,1,OK,5.18,0.06055,4,
C1,baseline,gemini,Q07,factual,2,OK,4.122,0.060423,5,
C1,baseline,gemini,Q08,factual,1,OK,3.447,0.059932,5,
C1,baseline,gemini,Q08,factual,2,OK,3.163,0.059914,5,
C1,baseline,gemini,Q09,factual,1,OK,5.163,0.060288,5,
C1,baseline,gemini,Q09,factual,2,OK,6.917,0.060616,5,
C1,baseline,gemini,Q10,factual,1,OK,3.299,0.060045,5,
C1,baseline,gemini,Q10,factual,2,OK,2.564,0.05997,5,
C1,baseline,gemini,Q11,factual,1,OK,6.298,0.060527,4,
C1,baseline,gemini,Q11,factual,2,OK,5.723,0.060629,5,
C1,baseline,gemini,Q12,factual,1,OK,4.34,0.060444,5,
C1,baseline,gemini,Q12,factual,2,OK,4.79,0.060454,5,
C1,baseline,gemini,Q13,factual,1,OK,13.305,0.060019,2,
C1,baseline,gemini,Q13,factual,2,OK,12.741,0.059981,5,
C1,baseline,gemini,Q14,factual,1,OK,4.374,0.060065,5,
C1,baseline,gemini,Q14,factual,2,OK,4.688,0.060073,5,
C1,baseline,gemini,Q15,factual,1,OK,5.092,0.06071,4,
C1,baseline,gemini,Q15,factual,2,OK,3.645,0.060545,4,
C1,baseline,gemini,Q16,factual,1,OK,5.283,0.060157,5,
C1,baseline,gemini,Q16,factual,2,OK,5.532,0.060137,5,
C1,baseline,gemini,Q17,comparison,1,OK,11.02,0.061211,5,
C1,baseline,gemini,Q17,comparison,2,OK,5.497,0.060769,5,
C1,baseline,gemini,Q18,comparison,1,OK,8.328,0.061923,5,
C1,baseline,gemini,Q18,comparison,2,OK,9.048,0.061686,5,
C1,baseline,gemini,Q19,comparison,1,OK,10.247,0.062371,4,
C1,baseline,gemini,Q19,comparison,2,OK,13.078,0.062841,5,
C1,baseline,gemini,Q20,comparison,1,OK,11.226,0.062209,4,
C1,baseline,gemini,Q20,comparison,2,OK,10.619,0.062259,5,
C1,baseline,gemini,Q21,comparison,1,OK,11.453,0.062056,5,
C1,baseline,gemini,Q21,comparison,2,OK,6.915,0.061469,5,
C1,baseline,gemini,Q22,comparison,1,OK,3.772,0.060167,5,
C1,baseline,gemini,Q22,comparison,2,OK,6.073,0.060552,5,
C1,baseline,gemini,Q23,comparison,1,OK,12.392,0.060906,4,
C1,baseline,gemini,Q23,comparison,2,OK,11.095,0.060904,5,
C1,baseline,gemini,Q24,comparison,1,OK,13.525,0.062591,4,
C1,baseline,gemini,Q24,comparison,2,OK,15.248,0.062113,4,
C1,baseline,gemini,Q25,comparison,1,OK,8.413,0.061123,4,
C1,baseline,gemini,Q25,comparison,2,OK,6.594,0.060693,4,
C1,baseline,gemini,Q26,comparison,1,OK,5.669,0.060666,5,
C1,baseline,gemini,Q26,comparison,2,OK,12.208,0.061156,5,
C1,baseline,gemini,Q27,comparison,1,OK,5.505,0.060703,4,
C1,baseline,gemini,Q27,comparison,2,OK,4.684,0.060715,5,
C1,baseline,gemini,Q28,comparison,1,OK,6.011,0.061139,4,
C1,baseline,gemini,Q28,comparison,2,OK,6.821,0.060879,5,
C1,baseline,gemini,Q29,comparison,1,OK,8.152,0.061166,4,
C1,baseline,gemini,Q29,comparison,2,OK,6.203,0.060884,4,
C1,baseline,gemini,Q30,comparison,1,OK,12.31,0.061988,5,
C1,baseline,gemini,Q30,comparison,2,OK,7.824,0.061683,5,
C1,baseline,gemini,Q31,synthesis,1,OK,29.35,0.063569,4,
C1,baseline,gemini,Q31,synthesis,2,OK,17.692,0.062584,4,
C1,baseline,gemini,Q32,synthesis,1,OK,58.343,0.066283,4,
C1,baseline,gemini,Q32,synthesis,2,OK,104.387,0.066986,4,
C1,baseline,gemini,Q33,synthesis,1,OK,55.605,0.062974,4,
C1,baseline,gemini,Q33,synthesis,2,OK,70.501,0.063076,4,
C1,baseline,gemini,Q34,synthesis,1,OK,52.304,0.063712,4,
C1,baseline,gemini,Q34,synthesis,2,OK,69.324,0.064925,5,
C1,baseline,gemini,Q35,synthesis,1,OK,21.821,0.063615,4,
C1,baseline,gemini,Q35,synthesis,2,OK,50.725,0.063345,4,
C1,baseline,gemini,Q36,synthesis,1,OK,17.291,0.062723,4,
C1,baseline,gemini,Q36,synthesis,2,OK,18.654,0.063328,4,
C1,baseline,gemini,Q37,synthesis,1,OK,20.785,0.061969,5,
C1,baseline,gemini,Q37,synthesis,2,OK,19.311,0.062186,5,
C1,baseline,gemini,Q38,synthesis,1,OK,53.139,0.064163,4,
C1,baseline,gemini,Q38,synthesis,2,OK,16.129,0.063748,4,
C1,baseline,gemini,Q39,synthesis,1,OK,48.447,0.066532,4,
C1,baseline,gemini,Q39,synthesis,2,OK,54.953,0.066369,4,
C1,baseline,gemini,Q40,synthesis,1,OK,56.14,0.066035,3,
C1,baseline,gemini,Q40,synthesis,2,OK,68.464,0.067618,3,
C1,baseline,gpt,Q01,factual,1,OK,12.407,0.144646,5,
C1,baseline,gpt,Q01,factual,2,OK,9.733,0.144646,4,
C1,baseline,gpt,Q02,factual,1,OK,9.425,0.145087,5,
C1,baseline,gpt,Q02,factual,2,OK,9.039,0.144893,5,
C1,baseline,gpt,Q03,factual,1,OK,8.999,0.144669,4,
C1,baseline,gpt,Q03,factual,2,OK,9.429,0.144669,4,
C1,baseline,gpt,Q04,factual,1,OK,9.137,0.144545,5,
C1,baseline,gpt,Q04,factual,2,OK,11.467,0.144545,5,
C1,baseline,gpt,Q05,factual,1,OK,11.061,0.144766,4,
C1,baseline,gpt,Q05,factual,2,OK,12.537,0.14478,4,
C1,baseline,gpt,Q06,factual,1,OK,9.293,0.145736,5,
C1,baseline,gpt,Q06,factual,2,OK,8.952,0.145444,5,
C1,baseline,gpt,Q07,factual,1,OK,9.085,0.144935,5,
C1,baseline,gpt,Q07,factual,2,OK,12.44,0.14494,5,
C1,baseline,gpt,Q08,factual,1,OK,11.484,0.144605,5,
C1,baseline,gpt,Q08,factual,2,OK,9.914,0.144605,5,
C1,baseline,gpt,Q09,factual,1,OK,11.309,0.144641,5,
C1,baseline,gpt,Q09,factual,2,OK,9.673,0.144685,5,
C1,baseline,gpt,Q10,factual,1,OK,9.779,0.144604,5,
C1,baseline,gpt,Q10,factual,2,OK,11.051,0.144654,5,
C1,baseline,gpt,Q11,factual,1,OK,11.651,0.144715,4,
C1,baseline,gpt,Q11,factual,2,OK,11.709,0.144711,4,
C1,baseline,gpt,Q12,factual,1,OK,11.832,0.144856,5,
C1,baseline,gpt,Q12,factual,2,OK,9.665,0.144856,5,
C1,baseline,gpt,Q13,factual,1,OK,9.496,0.144635,5,
C1,baseline,gpt,Q13,factual,2,OK,9.367,0.144568,5,
C1,baseline,gpt,Q14,factual,1,OK,10.859,0.144644,5,
C1,baseline,gpt,Q14,factual,2,OK,9.163,0.144644,5,
C1,baseline,gpt,Q15,factual,1,OK,12.108,0.14608,4,
C1,baseline,gpt,Q15,factual,2,OK,9.731,0.145279,5,
C1,baseline,gpt,Q16,factual,1,OK,9.429,0.144768,5,
C1,baseline,gpt,Q16,factual,2,OK,9.624,0.144768,5,
C1,baseline,gpt,Q17,comparison,1,OK,14.216,0.145708,5,
C1,baseline,gpt,Q17,comparison,2,OK,9.589,0.145727,5,
C1,baseline,gpt,Q18,comparison,1,OK,9.224,0.145619,5,
C1,baseline,gpt,Q18,comparison,2,OK,9.903,0.145565,5,
C1,baseline,gpt,Q19,comparison,1,OK,8.987,0.147392,5,
C1,baseline,gpt,Q19,comparison,2,OK,9.105,0.14651,5,
C1,baseline,gpt,Q20,comparison,1,OK,11.156,0.14649,5,
C1,baseline,gpt,Q20,comparison,2,OK,11.17,0.14672,5,
C1,baseline,gpt,Q21,comparison,1,OK,9.206,0.145874,5,
C1,baseline,gpt,Q21,comparison,2,OK,9.16,0.145712,5,
C1,baseline,gpt,Q22,comparison,1,OK,8.921,0.145473,5,
C1,baseline,gpt,Q22,comparison,2,OK,9.242,0.145919,5,
C1,baseline,gpt,Q23,comparison,1,OK,9.433,0.146059,5,
C1,baseline,gpt,Q23,comparison,2,OK,9.075,0.146234,5,
C1,baseline,gpt,Q24,comparison,1,OK,11.738,0.146557,5,
C1,baseline,gpt,Q24,comparison,2,OK,9.021,0.145909,5,
C1,baseline,gpt,Q25,comparison,1,OK,9.387,0.145073,5,
C1,baseline,gpt,Q25,comparison,2,OK,8.926,0.145055,5,
C1,baseline,gpt,Q26,comparison,1,OK,11.429,0.145508,5,
C1,baseline,gpt,Q26,comparison,2,OK,12.502,0.145666,5,
C1,baseline,gpt,Q27,comparison,1,OK,11.427,0.145489,5,
C1,baseline,gpt,Q27,comparison,2,OK,11.296,0.145394,5,
C1,baseline,gpt,Q28,comparison,1,OK,9.407,0.146129,4,
C1,baseline,gpt,Q28,comparison,2,OK,11.175,0.145697,5,
C1,baseline,gpt,Q29,comparison,1,OK,11.82,0.145952,5,
C1,baseline,gpt,Q29,comparison,2,OK,16.738,0.145759,5,
C1,baseline,gpt,Q30,comparison,1,OK,8.98,0.146152,5,
C1,baseline,gpt,Q30,comparison,2,OK,9.544,0.14621,5,
C1,baseline,gpt,Q31,synthesis,1,OK,15.833,0.149094,4,
C1,baseline,gpt,Q31,synthesis,2,OK,10.316,0.149549,4,
C1,baseline,gpt,Q32,synthesis,1,OK,14.257,0.152815,5,
C1,baseline,gpt,Q32,synthesis,2,OK,16.709,0.155627,5,
C1,baseline,gpt,Q33,synthesis,1,OK,12.505,0.150198,5,
C1,baseline,gpt,Q33,synthesis,2,OK,12.855,0.152471,5,
C1,baseline,gpt,Q34,synthesis,1,OK,13.788,0.148045,4,
C1,baseline,gpt,Q34,synthesis,2,OK,12.237,0.148688,5,
C1,baseline,gpt,Q35,synthesis,1,OK,13.367,0.149615,4,
C1,baseline,gpt,Q35,synthesis,2,OK,12.474,0.147613,4,
C1,baseline,gpt,Q36,synthesis,1,OK,10.035,0.146987,5,
C1,baseline,gpt,Q36,synthesis,2,OK,9.806,0.148427,4,
C1,baseline,gpt,Q37,synthesis,1,OK,10.12,0.147966,5,
C1,baseline,gpt,Q37,synthesis,2,OK,9.664,0.14743,4,
C1,baseline,gpt,Q38,synthesis,1,OK,15.121,0.151967,5,
C1,baseline,gpt,Q38,synthesis,2,OK,13.721,0.15234,4,
C1,baseline,gpt,Q39,synthesis,1,OK,12.672,0.150628,4,
C1,baseline,gpt,Q39,synthesis,2,OK,13.656,0.149971,4,
C1,baseline,gpt,Q40,synthesis,1,OK,16.93,0.153262,4,
C1,baseline,gpt,Q40,synthesis,2,OK,15.799,0.153411,4,
C1,rag,gemini,Q01,factual,1,OK,1.85,0.000892,5,
C1,rag,gemini,Q01,factual,2,OK,1.367,0.000872,5,
C1,rag,gemini,Q02,factual,1,OK,1.879,0.001082,5,
C1,rag,gemini,Q02,factual,2,OK,1.864,0.001082,5,
C1,rag,gemini,Q03,factual,1,OK,7.458,0.001106,2,
C1,rag,gemini,Q03,factual,2,OK,5.314,0.000886,2,
C1,rag,gemini,Q04,factual,1,OK,2.152,0.000861,5,
C1,rag,gemini,Q04,factual,2,OK,2.134,0.000861,5,
C1,rag,gemini,Q05,factual,1,OK,2.319,0.000762,5,
C1,rag,gemini,Q05,factual,2,OK,2.051,0.000755,5,
C1,rag,gemini,Q06,factual,1,OK,6.015,0.001301,5,
C1,rag,gemini,Q06,factual,2,OK,6.643,0.001346,5,
C1,rag,gemini,Q07,factual,1,OK,4.198,0.001157,4,
C1,rag,gemini,Q07,factual,2,OK,4.195,0.001157,4,
C1,rag,gemini,Q08,factual,1,OK,1.859,0.000877,5,
C1,rag,gemini,Q08,factual,2,OK,1.662,0.000875,5,
C1,rag,gemini,Q09,factual,1,OK,2.162,0.001033,5,
C1,rag,gemini,Q09,factual,2,OK,2.133,0.001008,5,
C1,rag,gemini,Q10,factual,1,OK,1.599,0.000849,5,
C1,rag,gemini,Q10,factual,2,OK,1.516,0.000849,5,
C1,rag,gemini,Q11,factual,1,OK,1.693,0.001102,5,
C1,rag,gemini,Q11,factual,2,OK,1.721,0.001102,5,
C1,rag,gemini,Q12,factual,1,OK,3.047,0.001312,5,
C1,rag,gemini,Q12,factual,2,OK,3.229,0.001312,5,
C1,rag,gemini,Q13,factual,1,OK,2.29,0.000857,5,
C1,rag,gemini,Q13,factual,2,OK,2.012,0.000879,5,
C1,rag,gemini,Q14,factual,1,OK,1.907,0.000818,5,
C1,rag,gemini,Q14,factual,2,OK,1.997,0.000818,5,
C1,rag,gemini,Q15,factual,1,OK,2.261,0.001045,5,
C1,rag,gemini,Q15,factual,2,OK,2.172,0.001017,5,
C1,rag,gemini,Q16,factual,1,OK,1.449,0.001001,5,
C1,rag,gemini,Q16,factual,2,OK,1.456,0.000998,5,
C1,rag,gemini,Q17,comparison,1,OK,3.516,0.001122,2,
C1,rag,gemini,Q17,comparison,2,OK,3.171,0.001037,2,
C1,rag,gemini,Q18,comparison,1,OK,3.481,0.001045,4,
C1,rag,gemini,Q18,comparison,2,OK,3.287,0.001045,2,
C1,rag,gemini,Q19,comparison,1,OK,4.613,0.001358,3,
C1,rag,gemini,Q19,comparison,2,OK,3.435,0.001131,2,
C1,rag,gemini,Q20,comparison,1,OK,4.183,0.001295,2,
C1,rag,gemini,Q20,comparison,2,OK,4.441,0.001295,3,
C1,rag,gemini,Q21,comparison,1,OK,1.436,0.000895,1,
C1,rag,gemini,Q21,comparison,2,OK,1.703,0.000895,1,
C1,rag,gemini,Q22,comparison,1,OK,3.522,0.001143,2,
C1,rag,gemini,Q22,comparison,2,OK,6.958,0.001153,2,
C1,rag,gemini,Q23,comparison,1,OK,4.577,0.001381,3,
C1,rag,gemini,Q23,comparison,2,OK,5.298,0.001036,2,
C1,rag,gemini,Q24,comparison,1,OK,7.758,0.001137,3,
C1,rag,gemini,Q24,comparison,2,OK,8.886,0.001154,4,
C1,rag,gemini,Q25,comparison,1,OK,4.169,0.001068,2,
C1,rag,gemini,Q25,comparison,2,OK,4.342,0.001068,3,
C1,rag,gemini,Q26,comparison,1,OK,10.873,0.001163,2,
C1,rag,gemini,Q26,comparison,2,OK,4.811,0.001141,2,
C1,rag,gemini,Q27,comparison,1,OK,7.584,0.00147,2,
C1,rag,gemini,Q27,comparison,2,OK,8.157,0.001525,2,
C1,rag,gemini,Q28,comparison,1,OK,4.887,0.000983,3,
C1,rag,gemini,Q28,comparison,2,OK,5.655,0.001048,3,
C1,rag,gemini,Q29,comparison,1,OK,4.673,0.001275,3,
C1,rag,gemini,Q29,comparison,2,OK,4.741,0.001275,3,
C1,rag,gemini,Q30,comparison,1,OK,3.618,0.001064,2,
C1,rag,gemini,Q30,comparison,2,OK,3.54,0.001064,2,
C1,rag,gemini,Q31,synthesis,1,OK,4.24,0.000835,2,
C1,rag,gemini,Q31,synthesis,2,OK,3.63,0.000835,2,
C1,rag,gemini,Q32,synthesis,1,OK,8.891,0.001484,2,
C1,rag,gemini,Q32,synthesis,2,OK,8.379,0.001484,2,
C1,rag,gemini,Q33,synthesis,1,OK,12.039,0.001236,3,
C1,rag,gemini,Q33,synthesis,2,OK,9.154,0.001326,4,
C1,rag,gemini,Q34,synthesis,1,OK,6.474,0.001135,2,
C1,rag,gemini,Q34,synthesis,2,OK,6.195,0.001135,2,
C1,rag,gemini,Q35,synthesis,1,OK,8.032,0.001192,2,
C1,rag,gemini,Q35,synthesis,2,OK,8.807,0.001215,2,
C1,rag,gemini,Q36,synthesis,1,OK,8.739,0.00121,4,
C1,rag,gemini,Q36,synthesis,2,OK,9.658,0.00121,3,
C1,rag,gemini,Q37,synthesis,1,OK,6.277,0.001104,2,
C1,rag,gemini,Q37,synthesis,2,OK,6.406,0.001104,2,
C1,rag,gemini,Q38,synthesis,1,OK,8.767,0.001376,4,
C1,rag,gemini,Q38,synthesis,2,OK,7.102,0.001376,4,
C1,rag,gemini,Q39,synthesis,1,OK,8.565,0.001305,2,
C1,rag,gemini,Q39,synthesis,2,OK,7.762,0.001305,3,
C1,rag,gemini,Q40,synthesis,1,OK,11.217,0.001393,2,
C1,rag,gemini,Q40,synthesis,2,OK,11.338,0.001393,2,
C1,rag,gpt,Q01,factual,1,OK,1.524,0.002119,5,
C1,rag,gpt,Q01,factual,2,OK,1.628,0.002106,5,
C1,rag,gpt,Q02,factual,1,OK,2.21,0.002504,5,
C1,rag,gpt,Q02,factual,2,OK,1.706,0.002509,5,
C1,rag,gpt,Q03,factual,1,OK,1.208,0.002162,2,
C1,rag,gpt,Q03,factual,2,OK,1.309,0.002126,2,
C1,rag,gpt,Q04,factual,1,OK,1.122,0.00198,5,
C1,rag,gpt,Q04,factual,2,OK,0.742,0.00198,4,
C1,rag,gpt,Q05,factual,1,OK,1.309,0.001666,5,
C1,rag,gpt,Q05,factual,2,OK,1.488,0.001697,5,
C1,rag,gpt,Q06,factual,1,OK,2.077,0.002521,5,
C1,rag,gpt,Q06,factual,2,OK,2.102,0.002683,5,
C1,rag,gpt,Q07,factual,1,OK,1.664,0.002308,4,
C1,rag,gpt,Q07,factual,2,OK,1.689,0.002344,5,
C1,rag,gpt,Q08,factual,1,OK,0.784,0.002007,5,
C1,rag,gpt,Q08,factual,2,OK,0.982,0.001998,5,
C1,rag,gpt,Q09,factual,1,OK,1.038,0.002102,5,
C1,rag,gpt,Q09,factual,2,OK,1.84,0.002102,4,
C1,rag,gpt,Q10,factual,1,OK,1.693,0.001983,5,
C1,rag,gpt,Q10,factual,2,OK,1.034,0.001934,5,
C1,rag,gpt,Q11,factual,1,OK,2.024,0.002327,4,
C1,rag,gpt,Q11,factual,2,OK,1.345,0.002332,5,
C1,rag,gpt,Q12,factual,1,OK,1.91,0.002588,5,
C1,rag,gpt,Q12,factual,2,OK,1.632,0.002602,5,
C1,rag,gpt,Q13,factual,1,OK,2.152,0.001901,5,
C1,rag,gpt,Q13,factual,2,OK,0.76,0.001901,5,
C1,rag,gpt,Q14,factual,1,OK,1.022,0.001937,4,
C1,rag,gpt,Q14,factual,2,OK,1.263,0.001941,5,
C1,rag,gpt,Q15,factual,1,OK,1.737,0.002474,5,
C1,rag,gpt,Q15,factual,2,OK,2.099,0.002514,4,
C1,rag,gpt,Q16,factual,1,OK,1.903,0.002136,2,
C1,rag,gpt,Q16,factual,2,OK,1.802,0.002158,2,
C1,rag,gpt,Q17,comparison,1,OK,1.918,0.002642,4,
C1,rag,gpt,Q17,comparison,2,OK,1.281,0.002435,4,
C1,rag,gpt,Q18,comparison,1,OK,1.594,0.002651,5,
C1,rag,gpt,Q18,comparison,2,OK,2.427,0.002566,5,
C1,rag,gpt,Q19,comparison,1,OK,2.203,0.003042,5,
C1,rag,gpt,Q19,comparison,2,OK,2.315,0.00328,5,
C1,rag,gpt,Q20,comparison,1,OK,2.558,0.003013,5,
C1,rag,gpt,Q20,comparison,2,OK,2.282,0.002954,5,
C1,rag,gpt,Q21,comparison,1,OK,1.369,0.002374,5,
C1,rag,gpt,Q21,comparison,2,OK,1.49,0.002522,5,
C1,rag,gpt,Q22,comparison,1,OK,1.986,0.00274,4,
C1,rag,gpt,Q22,comparison,2,OK,1.972,0.002637,4,
C1,rag,gpt,Q23,comparison,1,OK,1.986,0.003041,5,
C1,rag,gpt,Q23,comparison,2,OK,1.816,0.002785,5,
C1,rag,gpt,Q24,comparison,1,OK,1.871,0.002726,4,
C1,rag,gpt,Q24,comparison,2,OK,1.942,0.002671,5,
C1,rag,gpt,Q25,comparison,1,OK,0.979,0.002254,2,
C1,rag,gpt,Q25,comparison,2,OK,1.171,0.002304,2,
C1,rag,gpt,Q26,comparison,1,OK,2.164,0.002567,5,
C1,rag,gpt,Q26,comparison,2,OK,1.303,0.002526,4,
C1,rag,gpt,Q27,comparison,1,OK,2.159,0.003026,2,
C1,rag,gpt,Q27,comparison,2,OK,2.678,0.003274,2,
C1,rag,gpt,Q28,comparison,1,OK,1.596,0.002575,4,
C1,rag,gpt,Q28,comparison,2,OK,1.414,0.002413,4,
C1,rag,gpt,Q29,comparison,1,OK,4.236,0.002726,4,
C1,rag,gpt,Q29,comparison,2,OK,1.451,0.002776,2,
C1,rag,gpt,Q30,comparison,1,OK,1.929,0.002797,5,
C1,rag,gpt,Q30,comparison,2,OK,1.771,0.002792,4,
C1,rag,gpt,Q31,synthesis,1,OK,3.368,0.002694,3,
C1,rag,gpt,Q31,synthesis,2,OK,3.482,0.0034,2,
C1,rag,gpt,Q32,synthesis,1,OK,3.529,0.003056,3,
C1,rag,gpt,Q32,synthesis,2,OK,3.321,0.003276,2,
C1,rag,gpt,Q33,synthesis,1,OK,3.87,0.003192,4,
C1,rag,gpt,Q33,synthesis,2,OK,2.615,0.002981,4,
C1,rag,gpt,Q34,synthesis,1,OK,3.639,0.003227,3,
C1,rag,gpt,Q34,synthesis,2,OK,2.807,0.003061,2,
C1,rag,gpt,Q35,synthesis,1,OK,2.455,0.002756,2,
C1,rag,gpt,Q35,synthesis,2,OK,2.783,0.003031,3,
C1,rag,gpt,Q36,synthesis,1,OK,2.369,0.002881,4,
C1,rag,gpt,Q36,synthesis,2,OK,8.059,0.003061,4,
C1,rag,gpt,Q37,synthesis,1,OK,3.367,0.003094,4,
C1,rag,gpt,Q37,synthesis,2,OK,3.067,0.003184,4,
C1,rag,gpt,Q38,synthesis,1,OK,3.522,0.003358,4,
C1,rag,gpt,Q38,synthesis,2,OK,3.892,0.003593,4,
C1,rag,gpt,Q39,synthesis,1,OK,3.746,0.00348,2,
C1,rag,gpt,Q39,synthesis,2,OK,3.945,0.00375,2,
C1,rag,gpt,Q40,synthesis,1,OK,3.037,0.00289,4,
C1,rag,gpt,Q40,synthesis,2,OK,3.759,0.003362,3,
C1,rlm,gemini,Q01,factual,1,OK,45.701,0.011487,5,8
C1,rlm,gemini,Q01,factual,2,OK,88.62,0.005387,5,5
C1,rlm,gemini,Q02,factual,1,OK,11.45,0.003317,5,3
C1,rlm,gemini,Q02,factual,2,OK,28.367,0.005966,1,6
C1,rlm,gemini,Q03,factual,1,OK,8.619,0.002329,1,2
C1,rlm,gemini,Q03,factual,2,OK,4.78,0.002264,1,3
C1,rlm,gemini,Q04,factual,1,OK,29.109,0.00762,1,5
C1,rlm,gemini,Q04,factual,2,OK,25.751,0.003717,1,4
C1,rlm,gemini,Q05,factual,1,OK,12.67,0.004359,5,4
C1,rlm,gemini,Q05,factual,2,OK,11.183,0.003283,1,3
C1,rlm,gemini,Q06,factual,1,OK,16.223,0.005068,1,4
C1,rlm,gemini,Q06,factual,2,OK,10.217,0.003477,5,3
C1,rlm,gemini,Q07,factual,1,OK,44.311,0.008706,4,7
C1,rlm,gemini,Q07,factual,2,OK,72.675,0.021045,4,11
C1,rlm,gemini,Q08,factual,1,OK,19.474,0.007326,5,7
C1,rlm,gemini,Q08,factual,2,OK,14.289,0.00533,5,6
C1,rlm,gemini,Q09,factual,1,OK,57.144,0.010677,4,7
C1,rlm,gemini,Q09,factual,2,OK,36.865,0.009358,2,6
C1,rlm,gemini,Q10,factual,1,OK,24.103,0.003181,2,4
C1,rlm,gemini,Q10,factual,2,OK,18.69,0.007591,5,6
C1,rlm,gemini,Q11,factual,1,OK,6.583,0.002717,4,3
C1,rlm,gemini,Q11,factual,2,OK,32.591,0.012014,4,9
C1,rlm,gemini,Q12,factual,1,OK,10.081,0.004802,1,4
C1,rlm,gemini,Q12,factual,2,OK,12.531,0.00474,5,4
C1,rlm,gemini,Q13,factual,1,OK,42.172,0.008623,2,7
C1,rlm,gemini,Q13,factual,2,OK,34.08,0.007307,2,6
C1,rlm,gemini,Q14,factual,1,OK,30.743,0.005696,1,4
C1,rlm,gemini,Q14,factual,2,OK,36.17,0.011297,5,8
C1,rlm,gemini,Q15,factual,1,OK,78.741,0.022184,1,7
C1,rlm,gemini,Q15,factual,2,OK,9.793,0.003366,1,3
C1,rlm,gemini,Q16,factual,1,OK,20.431,0.008556,5,6
C1,rlm,gemini,Q16,factual,2,OK,24.553,0.008686,5,6
C1,rlm,gemini,Q17,comparison,1,OK,12.852,0.005738,2,5
C1,rlm,gemini,Q17,comparison,2,OK,29.442,0.00643,4,5
C1,rlm,gemini,Q18,comparison,1,OK,19.756,0.009587,4,6
C1,rlm,gemini,Q18,comparison,2,OK,17.02,0.008863,4,6
C1,rlm,gemini,Q19,comparison,1,OK,22.399,0.005244,5,5
C1,rlm,gemini,Q19,comparison,2,OK,23.196,0.006993,4,6
C1,rlm,gemini,Q20,comparison,1,OK,33.663,0.008353,4,5
C1,rlm,gemini,Q20,comparison,2,OK,52.529,0.017451,2,8
C1,rlm,gemini,Q21,comparison,1,OK,25.812,0.009374,5,4
C1,rlm,gemini,Q21,comparison,2,OK,21.215,0.012735,4,8
C1,rlm,gemini,Q22,comparison,1,OK,15.357,0.00852,2,5
C1,rlm,gemini,Q22,comparison,2,OK,208.001,0.021062,5,8
C1,rlm,gemini,Q23,comparison,1,OK,36.796,0.016134,4,6
C1,rlm,gemini,Q23,comparison,2,OK,21.496,0.007647,2,6
C1,rlm,gemini,Q24,comparison,1,OK,209.621,0.013728,4,7
C1,rlm,gemini,Q24,comparison,2,OK,21.448,0.008369,4,7
C1,rlm,gemini,Q25,comparison,1,OK,22.003,0.007496,2,5
C1,rlm,gemini,Q25,comparison,2,OK,26.486,0.011889,4,7
C1,rlm,gemini,Q26,comparison,1,OK,45.837,0.022111,4,9
C1,rlm,gemini,Q26,comparison,2,OK,266.388,0.066003,5,12
C1,rlm,gemini,Q27,comparison,1,OK,30.867,0.019631,2,9
C1,rlm,gemini,Q27,comparison,2,OK,26.958,0.010211,2,6
C1,rlm,gemini,Q28,comparison,1,OK,23.543,0.007535,3,4
C1,rlm,gemini,Q28,comparison,2,OK,268.564,0.045725,3,9
C1,rlm,gemini,Q29,comparison,1,OK,52.554,0.018581,2,6
C1,rlm,gemini,Q29,comparison,2,OK,35.098,0.00815,4,6
C1,rlm,gemini,Q30,comparison,1,OK,43.631,0.014182,3,9
C1,rlm,gemini,Q30,comparison,2,OK,17.492,0.008162,5,5
C1,rlm,gemini,Q31,synthesis,1,OK,274.409,0.026096,4,8
C1,rlm,gemini,Q31,synthesis,2,OK,248.241,0.012653,1,8
C1,rlm,gemini,Q32,synthesis,1,OK,54.662,0.004104,4,3
C1,rlm,gemini,Q32,synthesis,2,OK,61.404,0.015112,4,6
C1,rlm,gemini,Q33,synthesis,1,OK,89.744,0.040675,4,10
C1,rlm,gemini,Q33,synthesis,2,OK,89.842,0.009776,4,5
C1,rlm,gemini,Q34,synthesis,1,OK,330.937,0.010175,4,7
C1,rlm,gemini,Q34,synthesis,2,OK,94.195,0.012468,5,5
C1,rlm,gemini,Q35,synthesis,1,OK,73.915,0.005024,4,4
C1,rlm,gemini,Q35,synthesis,2,OK,81.114,0.019781,1,8
C1,rlm,gemini,Q36,synthesis,1,OK,62.798,0.008168,4,5
C1,rlm,gemini,Q36,synthesis,2,OK,51.28,0.008648,1,6
C1,rlm,gemini,Q37,synthesis,1,OK,77.853,0.012294,4,6
C1,rlm,gemini,Q37,synthesis,2,OK,96.573,0.004555,4,4
C1,rlm,gemini,Q38,synthesis,1,OK,58.05,0.008383,4,7
C1,rlm,gemini,Q38,synthesis,2,OK,32.576,0.007415,1,5
C1,rlm,gemini,Q39,synthesis,1,OK,69.69,0.009767,2,6
C1,rlm,gemini,Q39,synthesis,2,OK,64.075,0.00692,4,4
C1,rlm,gemini,Q40,synthesis,1,OK,100.581,0.012892,3,5
C1,rlm,gemini,Q40,synthesis,2,OK,288.907,0.025497,1,9
C1,rlm,gpt,Q01,factual,1,OK,34.373,0.048552,5,16
C1,rlm,gpt,Q01,factual,2,OK,17.22,0.02056,1,16
C1,rlm,gpt,Q02,factual,1,OK,15.356,0.019955,1,16
C1,rlm,gpt,Q02,factual,2,OK,14.709,0.034638,5,8
C1,rlm,gpt,Q03,factual,1,OK,9.712,0.016004,5,6
C1,rlm,gpt,Q03,factual,2,OK,20.229,0.16659,4,16
C1,rlm,gpt,Q04,factual,1,OK,9.328,0.011579,5,5
C1,rlm,gpt,Q04,factual,2,OK,17.729,0.019176,1,16
C1,rlm,gpt,Q05,factual,1,OK,23.729,0.063339,5,16
C1,rlm,gpt,Q05,factual,2,OK,15.347,0.020012,5,6
C1,rlm,gpt,Q06,factual,1,OK,7.706,0.015494,5,4
C1,rlm,gpt,Q06,factual,2,OK,27.347,0.124641,5,15
C1,rlm,gpt,Q07,factual,1,OK,25.226,0.01816,5,8
C1,rlm,gpt,Q07,factual,2,OK,8.702,0.013102,2,5
C1,rlm,gpt,Q08,factual,1,OK,11.332,0.029844,5,6
C1,rlm,gpt,Q08,factual,2,OK,14.712,0.017999,5,6
C1,rlm,gpt,Q09,factual,1,OK,11.822,0.020849,4,7
C1,rlm,gpt,Q09,factual,2,OK,23.343,0.027627,5,15
C1,rlm,gpt,Q10,factual,1,OK,18.222,0.033749,5,16
C1,rlm,gpt,Q10,factual,2,OK,11.716,0.020751,5,7
C1,rlm,gpt,Q11,factual,1,OK,19.717,0.038277,4,12
C1,rlm,gpt,Q11,factual,2,OK,15.225,0.041096,4,16
C1,rlm,gpt,Q12,factual,1,OK,14.304,0.028427,5,9
C1,rlm,gpt,Q12,factual,2,OK,12.711,0.027394,5,6
C1,rlm,gpt,Q13,factual,1,OK,7.219,0.009464,5,4
C1,rlm,gpt,Q13,factual,2,OK,8.832,0.011468,2,5
C1,rlm,gpt,Q14,factual,1,OK,7.72,0.010826,5,5
C1,rlm,gpt,Q14,factual,2,OK,7.722,0.0119,5,5
C1,rlm,gpt,Q15,factual,1,OK,17.715,0.024743,2,16
C1,rlm,gpt,Q15,factual,2,OK,15.21,0.020426,1,16
C1,rlm,gpt,Q16,factual,1,OK,19.346,0.058669,5,11
C1,rlm,gpt,Q16,factual,2,OK,21.239,0.066597,5,12
C1,rlm,gpt,Q17,comparison,1,OK,17.727,0.038068,4,16
C1,rlm,gpt,Q17,comparison,2,OK,11.211,0.031924,5,7
C1,rlm,gpt,Q18,comparison,1,OK,7.343,0.015599,5,6
C1,rlm,gpt,Q18,comparison,2,OK,9.215,0.019926,5,7
C1,rlm,gpt,Q19,comparison,1,OK,16.716,0.033083,5,14
C1,rlm,gpt,Q19,comparison,2,OK,10.851,0.021199,1,16
C1,rlm,gpt,Q20,comparison,1,OK,12.711,0.023405,4,16
C1,rlm,gpt,Q20,comparison,2,OK,15.351,0.048522,5,9
C1,rlm,gpt,Q21,comparison,1,OK,14.213,0.046636,5,8
C1,rlm,gpt,Q21,comparison,2,OK,15.726,0.074043,5,10
C1,rlm,gpt,Q22,comparison,1,OK,16.245,0.054425,4,11
C1,rlm,gpt,Q22,comparison,2,OK,12.842,0.031085,5,10
C1,rlm,gpt,Q23,comparison,1,OK,8.709,0.02248,4,5
C1,rlm,gpt,Q23,comparison,2,OK,16.389,0.049066,5,9
C1,rlm,gpt,Q24,comparison,1,OK,22.749,0.150554,4,13
C1,rlm,gpt,Q24,comparison,2,OK,19.228,0.132908,5,15
C1,rlm,gpt,Q25,comparison,1,OK,16.236,0.072637,4,10
C1,rlm,gpt,Q25,comparison,2,OK,13.23,0.049044,4,12
C1,rlm,gpt,Q26,comparison,1,OK,16.233,0.044812,4,12
C1,rlm,gpt,Q26,comparison,2,OK,12.212,0.065276,4,9
C1,rlm,gpt,Q27,comparison,1,OK,16.738,0.071663,2,16
C1,rlm,gpt,Q27,comparison,2,OK,20.76,0.064245,2,14
C1,rlm,gpt,Q28,comparison,1,OK,12.348,0.041207,4,8
C1,rlm,gpt,Q28,comparison,2,OK,14.346,0.02431,1,16
C1,rlm,gpt,Q29,comparison,1,OK,14.24,0.040244,5,7
C1,rlm,gpt,Q29,comparison,2,OK,10.209,0.024897,5,7
C1,rlm,gpt,Q30,comparison,1,OK,10.23,0.019315,5,5
C1,rlm,gpt,Q30,comparison,2,OK,8.707,0.022214,5,6
C1,rlm,gpt,Q31,synthesis,1,OK,23.759,0.059131,4,9
C1,rlm,gpt,Q31,synthesis,2,OK,23.193,0.042186,4,8
C1,rlm,gpt,Q32,synthesis,1,OK,24.738,0.048925,2,16
C1,rlm,gpt,Q32,synthesis,2,OK,19.228,0.037678,4,6
C1,rlm,gpt,Q33,synthesis,1,OK,17.86,0.053273,5,7
C1,rlm,gpt,Q33,synthesis,2,OK,24.227,0.045689,5,8
C1,rlm,gpt,Q34,synthesis,1,OK,15.731,0.030211,4,6
C1,rlm,gpt,Q34,synthesis,2,OK,22.453,0.052513,4,8
C1,rlm,gpt,Q35,synthesis,1,OK,21.725,0.044127,4,15
C1,rlm,gpt,Q35,synthesis,2,OK,35.008,0.059184,4,14
C1,rlm,gpt,Q36,synthesis,1,OK,18.24,0.022563,1,16
C1,rlm,gpt,Q36,synthesis,2,OK,21.259,0.042349,5,11
C1,rlm,gpt,Q37,synthesis,1,OK,22.731,0.054847,4,9
C1,rlm,gpt,Q37,synthesis,2,OK,15.716,0.034959,4,6
C1,rlm,gpt,Q38,synthesis,1,OK,13.355,0.020196,1,16
C1,rlm,gpt,Q38,synthesis,2,OK,22.958,0.059256,4,8
C1,rlm,gpt,Q39,synthesis,1,OK,19.731,0.0584,4,8
C1,rlm,gpt,Q39,synthesis,2,OK,17.725,0.04161,4,7
C1,rlm,gpt,Q40,synthesis,1,OK,31.738,0.068461,4,16
C1,rlm,gpt,Q40,synthesis,2,OK,17.865,0.024701,1,16
C2,baseline,gemini,Q01,factual,1,OK,3.596,0.081559,5,
C2,baseline,gemini,Q01,factual,2,OK,4.12,0.081554,5,
C2,baseline,gemini,Q02,factual,1,OK,13.91,0.081893,5,
C2,baseline,gemini,Q02,factual,2,OK,4.695,0.081746,5,
C2,baseline,gemini,Q03,factual,1,OK,5.43,0.081843,5,
C2,baseline,gemini,Q03,factual,2,OK,2.692,0.082013,5,
C2,baseline,gemini,Q04,factual,1,OK,4.837,0.081821,5,
C2,baseline,gemini,Q04,factual,2,OK,8.442,0.081523,5,
C2,baseline,gemini,Q05,factual,1,OK,5.183,0.081599,5,
C2,baseline,gemini,Q05,factual,2,OK,4.294,0.081784,5,
C2,baseline,gemini,Q06,factual,1,OK,6.171,0.082225,5,
C2,baseline,gemini,Q06,factual,2,OK,5.978,0.082395,5,
C2,baseline,gemini,Q07,factual,1,OK,5.443,0.082028,4,
C2,baseline,gemini,Q07,factual,2,OK,4.607,0.08193,5,
C2,baseline,gemini,Q08,factual,1,OK,4.344,0.081474,5,
C2,baseline,gemini,Q08,factual,2,OK,4.523,0.081469,5,
C2,baseline,gemini,Q09,factual,1,OK,6.126,0.081655,5,
C2,baseline,gemini,Q09,factual,2,OK,4.393,0.081718,5,
C2,baseline,gemini,Q10,factual,1,OK,4.07,0.081572,5,
C2,baseline,gemini,Q10,factual,2,OK,3.695,0.081542,5,
C2,baseline,gemini,Q11,factual,1,OK,4.964,0.081924,5,
C2,baseline,gemini,Q11,factual,2,OK,5.744,0.082089,5,
C2,baseline,gemini,Q12,factual,1,OK,7.344,0.082184,5,
C2,baseline,gemini,Q12,factual,2,OK,3.534,0.082027,5,
C2,baseline,gemini,Q13,factual,1,OK,6.0,0.081558,5,
C2,baseline,gemini,Q13,factual,2,OK,8.236,0.081606,5,
C2,baseline,gemini,Q14,factual,1,OK,4.476,0.081745,5,
C2,baseline,gemini,Q14,factual,2,OK,4.62,0.081765,5,
C2,baseline,gemini,Q15,factual,1,OK,16.887,0.083437,4,
C2,baseline,gemini,Q15,factual,2,OK,10.474,0.08214,5,
C2,baseline,gemini,Q16,factual,1,OK,5.571,0.081654,5,
C2,baseline,gemini,Q16,factual,2,OK,4.391,0.081661,5,
C2,baseline,gemini,Q17,comparison,1,OK,11.805,0.082669,5,
C2,baseline,gemini,Q17,comparison,2,OK,9.009,0.082469,5,
C2,baseline,gemini,Q18,comparison,1,OK,10.94,0.083623,5,
C2,baseline,gemini,Q18,comparison,2,OK,6.376,0.082756,5,
C2,baseline,gemini,Q19,comparison,1,OK,13.87,0.084289,5,
C2,baseline,gemini,Q19,comparison,2,OK,8.905,0.084019,5,
C2,baseline,gemini,Q20,comparison,1,OK,18.276,0.084531,4,
C2,baseline,gemini,Q20,comparison,2,OK,10.469,0.083644,4,
C2,baseline,gemini,Q21,comparison,1,OK,9.699,0.082418,5,
C2,baseline,gemini,Q21,comparison,2,OK,8.289,0.082638,5,
C2,baseline,gemini,Q22,comparison,1,OK,6.419,0.082165,5,
C2,baseline,gemini,Q22,comparison,2,OK,6.552,0.08226,5,
C2,baseline,gemini,Q23,comparison,1,OK,16.826,0.083396,5,
C2,baseline,gemini,Q23,comparison,2,OK,16.852,0.083398,5,
C2,baseline,gemini,Q24,comparison,1,OK,10.164,0.083106,5,
C2,baseline,gemini,Q24,comparison,2,OK,14.642,0.083236,5,
C2,baseline,gemini,Q25,comparison,1,OK,11.45,0.082743,2,
C2,baseline,gemini,Q25,comparison,2,OK,8.106,0.081915,4,
C2,baseline,gemini,Q26,comparison,1,OK,10.26,0.082976,5,
C2,baseline,gemini,Q26,comparison,2,OK,8.639,0.082696,5,
C2,baseline,gemini,Q27,comparison,1,OK,6.412,0.082355,5,
C2,baseline,gemini,Q27,comparison,2,OK,7.672,0.082463,5,
C2,baseline,gemini,Q28,comparison,1,OK,14.764,0.082776,4,
C2,baseline,gemini,Q28,comparison,2,OK,4.715,0.081994,5,
C2,baseline,gemini,Q29,comparison,1,OK,10.047,0.082571,4,
C2,baseline,gemini,Q29,comparison,2,OK,7.809,0.082506,5,
C2,baseline,gemini,Q30,comparison,1,OK,7.373,0.083786,5,
C2,baseline,gemini,Q30,comparison,2,OK,10.205,0.083323,5,
C2,baseline,gemini,Q31,synthesis,1,OK,39.967,0.084979,4,
C2,baseline,gemini,Q31,synthesis,2,OK,32.343,0.084854,4,
C2,baseline,gemini,Q32,synthesis,1,OK,94.101,0.089403,4,
C2,baseline,gemini,Q32,synthesis,2,OK,95.48,0.089541,4,
C2,baseline,gemini,Q33,synthesis,1,OK,76.863,0.085144,4,
C2,baseline,gemini,Q33,synthesis,2,OK,81.065,0.085591,4,
C2,baseline,gemini,Q34,synthesis,1,OK,134.001,0.087012,4,
C2,baseline,gemini,Q34,synthesis,2,OK,42.445,0.08668,4,
C2,baseline,gemini,Q35,synthesis,1,OK,45.15,0.086287,4,
C2,baseline,gemini,Q35,synthesis,2,OK,75.251,0.085577,4,
C2,baseline,gemini,Q36,synthesis,1,OK,41.171,0.085303,4,
C2,baseline,gemini,Q36,synthesis,2,OK,56.689,0.085543,4,
C2,baseline,gemini,Q37,synthesis,1,OK,51.543,0.086009,5,
C2,baseline,gemini,Q37,synthesis,2,OK,34.408,0.087216,4,
C2,baseline,gemini,Q38,synthesis,1,OK,56.464,0.087,4,
C2,baseline,gemini,Q38,synthesis,2,OK,99.261,0.091625,4,
C2,baseline,gemini,Q39,synthesis,1,OK,76.694,0.087272,4,
C2,baseline,gemini,Q39,synthesis,2,OK,93.772,0.087597,2,
C2,baseline,gemini,Q40,synthesis,1,OK,64.617,0.089105,4,
C2,baseline,gemini,Q40,synthesis,2,OK,66.451,0.087425,4,
C2,baseline,gpt,Q01,factual,1,OK,16.432,0.196121,5,
C2,baseline,gpt,Q01,factual,2,OK,16.394,0.196121,5,
C2,baseline,gpt,Q02,factual,1,OK,23.413,0.196603,5,
C2,baseline,gpt,Q02,factual,2,OK,21.409,0.196603,5,
C2,baseline,gpt,Q03,factual,1,OK,16.856,0.196135,4,
C2,baseline,gpt,Q03,factual,2,OK,16.532,0.196144,4,
C2,baseline,gpt,Q04,factual,1,OK,20.126,0.196016,5,
C2,baseline,gpt,Q04,factual,2,OK,16.75,0.196016,5,
C2,baseline,gpt,Q05,factual,1,OK,17.364,0.196044,5,
C2,baseline,gpt,Q05,factual,2,OK,16.691,0.196224,5,
C2,baseline,gpt,Q06,factual,1,OK,16.898,0.196834,5,
C2,baseline,gpt,Q06,factual,2,OK,20.189,0.197086,5,
C2,baseline,gpt,Q07,factual,1,OK,17.312,0.196397,5,
C2,baseline,gpt,Q07,factual,2,OK,15.89,0.196406,5,
C2,baseline,gpt,Q08,factual,1,OK,16.527,0.196081,5,
C2,baseline,gpt,Q08,factual,2,OK,19.939,0.196081,5,
C2,baseline,gpt,Q09,factual,1,OK,20.449,0.196125,4,
C2,baseline,gpt,Q09,factual,2,OK,16.781,0.196184,5,
C2,baseline,gpt,Q10,factual,1,OK,18.329,0.196067,5,
C2,baseline,gpt,Q10,factual,2,OK,20.449,0.196062,5,
C2,baseline,gpt,Q11,factual,1,OK,17.074,0.196191,4,
C2,baseline,gpt,Q11,factual,2,OK,19.668,0.196187,4,
C2,baseline,gpt,Q12,factual,1,OK,16.369,0.196336,5,
C2,baseline,gpt,Q12,factual,2,OK,20.843,0.196341,5,
C2,baseline,gpt,Q13,factual,1,OK,16.443,0.196034,5,
C2,baseline,gpt,Q13,factual,2,OK,15.946,0.196043,5,
C2,baseline,gpt,Q14,factual,1,OK,16.094,0.19607,5,
C2,baseline,gpt,Q14,factual,2,OK,16.119,0.19612,5,
C2,baseline,gpt,Q15,factual,1,OK,16.969,0.197146,5,
C2,baseline,gpt,Q15,factual,2,OK,17.0,0.196871,4,
C2,baseline,gpt,Q16,factual,1,OK,21.501,0.196293,5,
C2,baseline,gpt,Q16,factual,2,OK,16.878,0.196252,5,
C2,baseline,gpt,Q17,comparison,1,OK,16.419,0.197342,5,
C2,baseline,gpt,Q17,comparison,2,OK,31.193,0.19722,5,
C2,baseline,gpt,Q18,comparison,1,OK,16.04,0.196918,5,
C2,baseline,gpt,Q18,comparison,2,OK,16.263,0.196941,5,
C2,baseline,gpt,Q19,comparison,1,OK,16.3,0.198017,5,
C2,baseline,gpt,Q19,comparison,2,OK,20.0,0.197972,5,
C2,baseline,gpt,Q20,comparison,1,OK,20.689,0.198163,5,
C2,baseline,gpt,Q20,comparison,2,OK,15.929,0.198731,5,
C2,baseline,gpt,Q21,comparison,1,OK,20.613,0.196544,5,
C2,baseline,gpt,Q21,comparison,2,OK,16.959,0.196522,5,
C2,baseline,gpt,Q22,comparison,1,OK,16.029,0.196625,4,
C2,baseline,gpt,Q22,comparison,2,OK,16.273,0.196602,4,
C2,baseline,gpt,Q23,comparison,1,OK,16.511,0.197381,5,
C2,baseline,gpt,Q23,comparison,2,OK,16.749,0.197633,5,
C2,baseline,gpt,Q24,comparison,1,OK,17.753,0.197803,5,
C2,baseline,gpt,Q24,comparison,2,OK,19.06,0.197798,5,
C2,baseline,gpt,Q25,comparison,1,OK,19.57,0.196396,2,
C2,baseline,gpt,Q25,comparison,2,OK,20.789,0.196319,2,
C2,baseline,gpt,Q26,comparison,1,OK,19.931,0.196678,5,
C2,baseline,gpt,Q26,comparison,2,OK,20.332,0.196732,5,
C2,baseline,gpt,Q27,comparison,1,OK,16.866,0.196969,5,
C2,baseline,gpt,Q27,comparison,2,OK,16.973,0.196955,5,
C2,baseline,gpt,Q28,comparison,1,OK,15.991,0.196993,5,
C2,baseline,gpt,Q28,comparison,2,OK,16.393,0.196871,5,
C2,baseline,gpt,Q29,comparison,1,OK,16.606,0.197284,4,
C2,baseline,gpt,Q29,comparison,2,OK,20.102,0.197234,5,
C2,baseline,gpt,Q30,comparison,1,OK,16.395,0.197231,5,
C2,baseline,gpt,Q30,comparison,2,OK,20.483,0.197722,5,
C2,baseline,gpt,Q31,synthesis,1,OK,17.608,0.200943,4,
C2,baseline,gpt,Q31,synthesis,2,OK,17.003,0.200655,4,
C2,baseline,gpt,Q32,synthesis,1,OK,19.477,0.206009,5,
C2,baseline,gpt,Q32,synthesis,2,OK,17.639,0.205289,5,
C2,baseline,gpt,Q33,synthesis,1,OK,25.637,0.199743,5,
C2,baseline,gpt,Q33,synthesis,2,OK,16.707,0.201219,5,
C2,baseline,gpt,Q34,synthesis,1,OK,20.808,0.200645,4,
C2,baseline,gpt,Q34,synthesis,2,OK,17.547,0.199385,5,
C2,baseline,gpt,Q35,synthesis,1,OK,21.293,0.20141,4,
C2,baseline,gpt,Q35,synthesis,2,OK,17.679,0.201127,5,
C2,baseline,gpt,Q36,synthesis,1,OK,16.94,0.199385,4,
C2,baseline,gpt,Q36,synthesis,2,OK,18.426,0.198571,5,
C2,baseline,gpt,Q37,synthesis,1,OK,16.93,0.198204,5,
C2,baseline,gpt,Q37,synthesis,2,OK,16.909,0.198767,5,
C2,baseline,gpt,Q38,synthesis,1,OK,17.678,0.202844,4,
C2,baseline,gpt,Q38,synthesis,2,OK,17.393,0.20256,4,
C2,baseline,gpt,Q39,synthesis,1,OK,17.839,0.20164,4,
C2,baseline,gpt,Q39,synthesis,2,OK,18.718,0.201599,4,
C2,baseline,gpt,Q40,synthesis,1,OK,19.459,0.206975,4,
C2,baseline,gpt,Q40,synthesis,2,OK,17.372,0.202996,4,
C2,rag,gemini,Q01,factual,1,OK,2.323,0.000892,5,
C2,rag,gemini,Q01,factual,2,OK,1.516,0.000872,5,
C2,rag,gemini,Q02,factual,1,OK,4.635,0.00088,2,
C2,rag,gemini,Q02,factual,2,OK,3.278,0.00088,2,
C2,rag,gemini,Q03,factual,1,OK,7.082,0.001106,2,
C2,rag,gemini,Q03,factual,2,OK,6.962,0.001106,2,
C2,rag,gemini,Q04,factual,1,OK,2.251,0.000861,5,
C2,rag,gemini,Q04,factual,2,OK,2.133,0.000861,5,
C2,rag,gemini,Q05,factual,1,OK,2.161,0.000755,5,
C2,rag,gemini,Q05,factual,2,OK,2.358,0.000762,5,
C2,rag,gemini,Q06,factual,1,OK,6.17,0.001346,5,
C2,rag,gemini,Q06,factual,2,OK,11.779,0.001301,5,
C2,rag,gemini,Q07,factual,1,OK,4.46,0.00117,4,
C2,rag,gemini,Q07,factual,2,OK,4.42,0.00117,4,
C2,rag,gemini,Q08,factual,1,OK,1.932,0.000853,5,
C2,rag,gemini,Q08,factual,2,OK,2.112,0.000853,5,
C2,rag,gemini,Q09,factual,1,OK,2.307,0.001011,5,
C2,rag,gemini,Q09,factual,2,OK,2.758,0.001033,5,
C2,rag,gemini,Q10,factual,1,OK,1.434,0.000849,5,
C2,rag,gemini,Q10,factual,2,OK,1.666,0.000849,5,
C2,rag,gemini,Q11,factual,1,OK,6.93,0.001102,5,
C2,rag,gemini,Q11,factual,2,OK,5.461,0.001104,5,
C2,rag,gemini,Q12,factual,1,OK,8.339,0.001312,5,
C2,rag,gemini,Q12,factual,2,OK,3.312,0.001312,5,
C2,rag,gemini,Q13,factual,1,OK,2.029,0.000879,5,
C2,rag,gemini,Q13,factual,2,OK,6.978,0.000857,5,
C2,rag,gemini,Q14,factual,1,OK,1.934,0.000821,5,
C2,rag,gemini,Q14,factual,2,OK,1.863,0.000818,5,
C2,rag,gemini,Q15,factual,1,OK,2.352,0.001045,5,
C2,rag,gemini,Q15,factual,2,OK,2.392,0.001045,5,
C2,rag,gemini,Q16,factual,1,OK,3.345,0.000976,5,
C2,rag,gemini,Q16,factual,2,OK,3.681,0.000979,5,
C2,rag,gemini,Q17,comparison,1,OK,3.444,0.001037,2,
C2,rag,gemini,Q17,comparison,2,OK,3.356,0.001122,2,
C2,rag,gemini,Q18,comparison,1,OK,3.098,0.001045,2,
C2,rag,gemini,Q18,comparison,2,OK,2.96,0.00108,2,
C2,rag,gemini,Q19,comparison,1,OK,4.952,0.001313,2,
C2,rag,gemini,Q19,comparison,2,OK,5.681,0.001218,2,
C2,rag,gemini,Q20,comparison,1,OK,4.09,0.001295,2,
C2,rag,gemini,Q20,comparison,2,OK,3.786,0.001295,2,
C2,rag,gemini,Q21,comparison,1,OK,1.403,0.000895,1,
C2,rag,gemini,Q21,comparison,2,OK,1.459,0.000895,1,
C2,rag,gemini,Q22,comparison,1,OK,6.825,0.001153,2,
C2,rag,gemini,Q22,comparison,2,OK,3.298,0.001143,2,
C2,rag,gemini,Q23,comparison,1,OK,4.001,0.001381,3,
C2,rag,gemini,Q23,comparison,2,OK,4.596,0.001321,3,
C2,rag,gemini,Q24,comparison,1,OK,7.175,0.001137,3,
C2,rag,gemini,Q24,comparison,2,OK,5.513,0.001137,2,
C2,rag,gemini,Q25,comparison,1,OK,3.905,0.001068,2,
C2,rag,gemini,Q25,comparison,2,OK,3.947,0.00107,3,
C2,rag,gemini,Q26,comparison,1,OK,4.587,0.001177,2,
C2,rag,gemini,Q26,comparison,2,OK,4.797,0.001177,2,
C2,rag,gemini,Q27,comparison,1,OK,7.575,0.001525,2,
C2,rag,gemini,Q27,comparison,2,OK,8.957,0.001525,2,
C2,rag,gemini,Q28,comparison,1,OK,6.322,0.001048,3,
C2,rag,gemini,Q28,comparison,2,OK,4.923,0.000983,3,
C2,rag,gemini,Q29,comparison,1,OK,3.924,0.001198,4,
C2,rag,gemini,Q29,comparison,2,OK,4.375,0.001275,3,
C2,rag,gemini,Q30,comparison,1,OK,3.854,0.001147,2,
C2,rag,gemini,Q30,comparison,2,OK,3.92,0.001147,2,
C2,rag,gemini,Q31,synthesis,1,OK,4.237,0.00084,2,
C2,rag,gemini,Q31,synthesis,2,OK,3.789,0.000835,2,
C2,rag,gemini,Q32,synthesis,1,OK,9.443,0.001642,3,
C2,rag,gemini,Q32,synthesis,2,OK,6.438,0.001072,2,
C2,rag,gemini,Q33,synthesis,1,OK,8.604,0.001326,4,
C2,rag,gemini,Q33,synthesis,2,OK,9.535,0.001236,3,
C2,rag,gemini,Q34,synthesis,1,OK,9.403,0.001038,2,
C2,rag,gemini,Q34,synthesis,2,OK,6.969,0.001038,2,
C2,rag,gemini,Q35,synthesis,1,OK,7.691,0.001363,2,
C2,rag,gemini,Q35,synthesis,2,OK,8.372,0.001421,2,
C2,rag,gemini,Q36,synthesis,1,OK,8.673,0.00121,3,
C2,rag,gemini,Q36,synthesis,2,OK,8.375,0.00121,4,
C2,rag,gemini,Q37,synthesis,1,OK,6.311,0.001104,2,
C2,rag,gemini,Q37,synthesis,2,OK,17.617,0.001104,2,
C2,rag,gemini,Q38,synthesis,1,OK,3.916,0.000857,1,
C2,rag,gemini,Q38,synthesis,2,OK,3.668,0.000857,1,
C2,rag,gemini,Q39,synthesis,1,OK,7.972,0.001531,2,
C2,rag,gemini,Q39,synthesis,2,OK,7.521,0.001531,2,
C2,rag,gemini,Q40,synthesis,1,OK,11.109,0.001393,2,
C2,rag,gemini,Q40,synthesis,2,OK,19.92,0.001568,2,
C2,rag,gpt,Q01,factual,1,OK,1.621,0.002119,5,
C2,rag,gpt,Q01,factual,2,OK,0.987,0.002119,5,
C2,rag,gpt,Q02,factual,1,OK,1.407,0.002212,2,
C2,rag,gpt,Q02,factual,2,OK,1.784,0.002432,1,
C2,rag,gpt,Q03,factual,1,OK,1.538,0.002171,3,
C2,rag,gpt,Q03,factual,2,OK,1.171,0.002167,2,
C2,rag,gpt,Q04,factual,1,OK,0.927,0.001935,5,
C2,rag,gpt,Q04,factual,2,OK,0.646,0.001935,5,
C2,rag,gpt,Q05,factual,1,OK,1.183,0.001684,5,
C2,rag,gpt,Q05,factual,2,OK,1.388,0.001706,5,
C2,rag,gpt,Q06,factual,1,OK,1.705,0.002431,5,
C2,rag,gpt,Q06,factual,2,OK,1.925,0.002516,5,
C2,rag,gpt,Q07,factual,1,OK,1.761,0.002344,5,
C2,rag,gpt,Q07,factual,2,OK,1.368,0.002254,5,
C2,rag,gpt,Q08,factual,1,OK,1.124,0.001951,5,
C2,rag,gpt,Q08,factual,2,OK,0.928,0.001951,5,
C2,rag,gpt,Q09,factual,1,OK,1.265,0.002084,5,
C2,rag,gpt,Q09,factual,2,OK,1.009,0.002044,5,
C2,rag,gpt,Q10,factual,1,OK,2.133,0.001938,5,
C2,rag,gpt,Q10,factual,2,OK,0.807,0.001983,5,
C2,rag,gpt,Q11,factual,1,OK,1.473,0.002359,5,
C2,rag,gpt,Q11,factual,2,OK,1.405,0.002278,5,
C2,rag,gpt,Q12,factual,1,OK,1.104,0.002179,5,
C2,rag,gpt,Q12,factual,2,OK,1.864,0.002602,5,
C2,rag,gpt,Q13,factual,1,OK,0.868,0.001892,5,
C2,rag,gpt,Q13,factual,2,OK,1.041,0.001901,5,
C2,rag,gpt,Q14,factual,1,OK,1.118,0.001959,5,
C2,rag,gpt,Q14,factual,2,OK,1.148,0.001937,5,
C2,rag,gpt,Q15,factual,1,OK,1.739,0.002469,5,
C2,rag,gpt,Q15,factual,2,OK,2.005,0.002491,4,
C2,rag,gpt,Q16,factual,1,OK,1.422,0.00208,2,
C2,rag,gpt,Q16,factual,2,OK,1.198,0.002022,2,
C2,rag,gpt,Q17,comparison,1,OK,1.98,0.002534,4,
C2,rag,gpt,Q17,comparison,2,OK,1.394,0.002421,3,
C2,rag,gpt,Q18,comparison,1,OK,1.559,0.002702,5,
C2,rag,gpt,Q18,comparison,2,OK,1.883,0.002797,5,
C2,rag,gpt,Q19,comparison,1,OK,1.901,0.002798,5,
C2,rag,gpt,Q19,comparison,2,OK,2.151,0.002982,5,
C2,rag,gpt,Q20,comparison,1,OK,2.444,0.003119,4,
C2,rag,gpt,Q20,comparison,2,OK,1.896,0.002965,5,
C2,rag,gpt,Q21,comparison,1,OK,1.721,0.002524,5,
C2,rag,gpt,Q21,comparison,2,OK,2.164,0.00278,5,
C2,rag,gpt,Q22,comparison,1,OK,1.837,0.00255,4,
C2,rag,gpt,Q22,comparison,2,OK,1.63,0.002671,3,
C2,rag,gpt,Q23,comparison,1,OK,2.058,0.003146,5,
C2,rag,gpt,Q23,comparison,2,OK,1.627,0.002674,4,
C2,rag,gpt,Q24,comparison,1,OK,1.621,0.002638,4,
C2,rag,gpt,Q24,comparison,2,OK,1.865,0.002976,4,
C2,rag,gpt,Q25,comparison,1,OK,1.303,0.002318,4,
C2,rag,gpt,Q25,comparison,2,OK,1.373,0.002344,2,
C2,rag,gpt,Q26,comparison,1,OK,1.662,0.002744,4,
C2,rag,gpt,Q26,comparison,2,OK,1.6,0.002609,4,
C2,rag,gpt,Q27,comparison,1,OK,3.203,0.003128,2,
C2,rag,gpt,Q27,comparison,2,OK,2.056,0.003029,2,
C2,rag,gpt,Q28,comparison,1,OK,1.026,0.002326,2,
C2,rag,gpt,Q28,comparison,2,OK,1.206,0.002344,3,
C2,rag,gpt,Q29,comparison,1,OK,1.724,0.002659,4,
C2,rag,gpt,Q29,comparison,2,OK,1.654,0.002609,5,
C2,rag,gpt,Q30,comparison,1,OK,2.418,0.002734,4,
C2,rag,gpt,Q30,comparison,2,OK,2.208,0.002806,4,
C2,rag,gpt,Q31,synthesis,1,OK,2.768,0.00277,3,
C2,rag,gpt,Q31,synthesis,2,OK,2.59,0.003086,2,
C2,rag,gpt,Q32,synthesis,1,OK,3.377,0.002692,2,
C2,rag,gpt,Q32,synthesis,2,OK,4.522,0.003376,3,
C2,rag,gpt,Q33,synthesis,1,OK,4.104,0.003358,4,
C2,rag,gpt,Q33,synthesis,2,OK,3.796,0.003579,4,
C2,rag,gpt,Q34,synthesis,1,OK,4.063,0.003322,4,
C2,rag,gpt,Q34,synthesis,2,OK,3.065,0.003178,4,
C2,rag,gpt,Q35,synthesis,1,OK,2.685,0.002699,2,
C2,rag,gpt,Q35,synthesis,2,OK,1.769,0.002582,2,
C2,rag,gpt,Q36,synthesis,1,OK,2.416,0.002989,4,
C2,rag,gpt,Q36,synthesis,2,OK,2.711,0.002989,4,
C2,rag,gpt,Q37,synthesis,1,OK,2.733,0.003112,4,
C2,rag,gpt,Q37,synthesis,2,OK,3.727,0.003364,4,
C2,rag,gpt,Q38,synthesis,1,OK,3.457,0.003304,4,
C2,rag,gpt,Q38,synthesis,2,OK,4.551,0.003803,4,
C2,rag,gpt,Q39,synthesis,1,OK,3.621,0.00372,2,
C2,rag,gpt,Q39,synthesis,2,OK,3.031,0.003455,2,
C2,rag,gpt,Q40,synthesis,1,OK,3.804,0.003232,4,
C2,rag,gpt,Q40,synthesis,2,OK,2.954,0.003263,4,
C2,rlm,gemini,Q01,factual,1,OK,44.181,0.014781,5,9
C2,rlm,gemini,Q01,factual,2,OK,15.449,0.004183,4,5
C2,rlm,gemini,Q02,factual,1,OK,12.004,0.002258,2,3
C2,rlm,gemini,Q02,factual,2,OK,52.584,0.0032,1,4
C2,rlm,gemini,Q03,factual,1,OK,12.34,0.00309,1,4
C2,rlm,gemini,Q03,factual,2,OK,17.664,0.002507,2,3
C2,rlm,gemini,Q04,factual,1,OK,27.322,0.006995,5,6
C2,rlm,gemini,Q04,factual,2,OK,10.212,0.005028,5,4
C2,rlm,gemini,Q05,factual,1,OK,14.225,0.006121,2,5
C2,rlm,gemini,Q05,factual,2,OK,8.975,0.00298,4,3
C2,rlm,gemini,Q06,factual,1,OK,12.762,0.004539,3,4
C2,rlm,gemini,Q06,factual,2,OK,16.478,0.002154,1,2
C2,rlm,gemini,Q07,factual,1,OK,30.191,0.00964,1,7
C2,rlm,gemini,Q07,factual,2,OK,22.606,0.005984,4,5
C2,rlm,gemini,Q08,factual,1,OK,7.238,0.002461,4,3
C2,rlm,gemini,Q08,factual,2,OK,8.887,0.00326,5,4
C2,rlm,gemini,Q09,factual,1,OK,352.122,0.016884,2,9
C2,rlm,gemini,Q09,factual,2,OK,21.33,0.004424,4,4
C2,rlm,gemini,Q10,factual,1,OK,16.94,0.007798,5,6
C2,rlm,gemini,Q10,factual,2,OK,14.067,0.003556,1,4
C2,rlm,gemini,Q11,factual,1,OK,12.984,0.003548,2,4
C2,rlm,gemini,Q11,factual,2,OK,7.787,0.001764,1,2
C2,rlm,gemini,Q12,factual,1,OK,14.767,0.003594,4,4
C2,rlm,gemini,Q12,factual,2,OK,34.744,0.012,5,7
C2,rlm,gemini,Q13,factual,1,OK,28.656,0.01168,2,7
C2,rlm,gemini,Q13,factual,2,OK,18.699,0.004091,2,4
C2,rlm,gemini,Q14,factual,1,OK,20.751,0.005891,1,6
C2,rlm,gemini,Q14,factual,2,OK,8.36,0.003795,5,4
C2,rlm,gemini,Q15,factual,1,OK,58.675,0.020413,2,6
C2,rlm,gemini,Q15,factual,2,OK,31.611,0.006043,1,4
C2,rlm,gemini,Q16,factual,1,OK,49.692,0.01285,2,9
C2,rlm,gemini,Q16,factual,2,OK,23.196,0.009201,2,6
C2,rlm,gemini,Q17,comparison,1,OK,22.801,0.007786,5,5
C2,rlm,gemini,Q17,comparison,2,OK,24.223,0.007712,4,6
C2,rlm,gemini,Q18,comparison,1,OK,140.539,0.013455,5,7
C2,rlm,gemini,Q18,comparison,2,OK,18.678,0.00833,5,5
C2,rlm,gemini,Q19,comparison,1,OK,21.618,0.004542,4,4
C2,rlm,gemini,Q19,comparison,2,OK,38.449,0.014987,4,8
C2,rlm,gemini,Q20,comparison,1,OK,53.248,0.028671,4,13
C2,rlm,gemini,Q20,comparison,2,OK,316.574,0.02166,5,9
C2,rlm,gemini,Q21,comparison,1,OK,31.268,0.012208,5,5
C2,rlm,gemini,Q21,comparison,2,OK,49.813,0.040971,3,12
C2,rlm,gemini,Q22,comparison,1,OK,18.257,0.011122,2,7
C2,rlm,gemini,Q22,comparison,2,OK,17.931,0.007247,2,5
C2,rlm,gemini,Q23,comparison,1,OK,54.301,0.014894,2,10
C2,rlm,gemini,Q23,comparison,2,OK,48.395,0.016361,4,8
C2,rlm,gemini,Q24,comparison,1,OK,40.471,0.016445,4,9
C2,rlm,gemini,Q24,comparison,2,OK,95.339,0.028521,5,11
C2,rlm,gemini,Q25,comparison,1,OK,25.219,0.010691,4,6
C2,rlm,gemini,Q25,comparison,2,OK,333.709,0.017027,4,9
C2,rlm,gemini,Q26,comparison,1,OK,22.336,0.009198,5,7
C2,rlm,gemini,Q26,comparison,2,OK,18.396,0.006715,5,5
C2,rlm,gemini,Q27,comparison,1,OK,43.595,0.008939,2,6
C2,rlm,gemini,Q27,comparison,2,OK,235.842,0.009945,4,5
C2,rlm,gemini,Q28,comparison,1,OK,26.797,0.013262,2,10
C2,rlm,gemini,Q28,comparison,2,OK,35.077,0.02216,2,12
C2,rlm,gemini,Q29,comparison,1,OK,22.583,0.010896,2,7
C2,rlm,gemini,Q29,comparison,2,OK,18.324,0.007431,2,5
C2,rlm,gemini,Q30,comparison,1,OK,34.829,0.012894,5,7
C2,rlm,gemini,Q30,comparison,2,OK,50.202,0.012424,5,5
C2,rlm,gemini,Q31,synthesis,1,OK,82.257,0.016529,4,9
C2,rlm,gemini,Q31,synthesis,2,OK,42.781,0.010813,4,7
C2,rlm,gemini,Q32,synthesis,1,OK,65.849,0.014102,4,7
C2,rlm,gemini,Q32,synthesis,2,OK,176.185,0.008359,4,6
C2,rlm,gemini,Q33,synthesis,1,OK,50.599,0.013365,2,5
C2,rlm,gemini,Q33,synthesis,2,OK,55.537,0.007136,4,4
C2,rlm,gemini,Q34,synthesis,1,OK,230.189,0.004665,4,4
C2,rlm,gemini,Q34,synthesis,2,OK,105.545,0.009307,4,5
C2,rlm,gemini,Q35,synthesis,1,OK,54.391,0.007173,4,4
C2,rlm,gemini,Q35,synthesis,2,OK,37.176,0.011048,4,5
C2,rlm,gemini,Q36,synthesis,1,OK,92.091,0.008287,4,5
C2,rlm,gemini,Q36,synthesis,2,OK,178.65,0.00651,2,4
C2,rlm,gemini,Q37,synthesis,1,OK,27.874,0.006646,4,4
C2,rlm,gemini,Q37,synthesis,2,OK,348.098,0.017055,4,4
C2,rlm,gemini,Q38,synthesis,1,OK,72.652,0.00675,4,5
C2,rlm,gemini,Q38,synthesis,2,OK,54.167,0.014356,4,8
C2,rlm,gemini,Q39,synthesis,1,OK,663.676,0.011042,2,7
C2,rlm,gemini,Q39,synthesis,2,OK,148.574,0.023978,4,9
C2,rlm,gemini,Q40,synthesis,1,OK,44.524,0.005894,4,5
C2,rlm,gemini,Q40,synthesis,2,OK,220.773,0.007036,4,4
C2,rlm,gpt,Q01,factual,1,OK,58.273,0.060783,5,11
C2,rlm,gpt,Q01,factual,2,OK,8.211,0.01543,5,6
C2,rlm,gpt,Q02,factual,1,OK,30.997,0.076237,1,8
C2,rlm,gpt,Q02,factual,2,OK,25.332,0.110975,1,11
C2,rlm,gpt,Q03,factual,1,OK,19.232,0.073065,4,9
C2,rlm,gpt,Q03,factual,2,OK,34.25,0.050026,4,14
C2,rlm,gpt,Q04,factual,1,OK,15.845,0.022389,1,16
C2,rlm,gpt,Q04,factual,2,OK,10.879,0.023222,5,7
C2,rlm,gpt,Q05,factual,1,OK,10.207,0.022264,5,7
C2,rlm,gpt,Q05,factual,2,OK,8.233,0.012621,4,6
C2,rlm,gpt,Q06,factual,1,OK,34.851,0.019911,1,16
C2,rlm,gpt,Q06,factual,2,OK,20.851,0.091197,5,15
C2,rlm,gpt,Q07,factual,1,OK,10.208,0.018486,5,6
C2,rlm,gpt,Q07,factual,2,OK,18.22,0.024466,4,16
C2,rlm,gpt,Q08,factual,1,OK,8.208,0.018026,5,7
C2,rlm,gpt,Q08,factual,2,OK,10.854,0.022378,5,6
C2,rlm,gpt,Q09,factual,1,OK,13.224,0.025988,5,7
C2,rlm,gpt,Q09,factual,2,OK,9.32,0.022867,5,6
C2,rlm,gpt,Q10,factual,1,OK,15.211,0.047631,5,16
C2,rlm,gpt,Q10,factual,2,OK,20.78,0.041128,5,10
C2,rlm,gpt,Q11,factual,1,OK,7.839,0.011995,4,5
C2,rlm,gpt,Q11,factual,2,OK,11.205,0.022393,4,6
C2,rlm,gpt,Q12,factual,1,OK,13.73,0.023756,5,8
C2,rlm,gpt,Q12,factual,2,OK,11.716,0.029573,5,7
C2,rlm,gpt,Q13,factual,1,OK,11.213,0.02281,4,6
C2,rlm,gpt,Q13,factual,2,OK,13.206,0.021262,1,16
C2,rlm,gpt,Q14,factual,1,OK,7.513,0.023038,5,5
C2,rlm,gpt,Q14,factual,2,OK,14.215,0.041468,5,16
C2,rlm,gpt,Q15,factual,1,OK,25.252,0.074072,2,16
C2,rlm,gpt,Q15,factual,2,OK,12.722,0.036335,2,8
C2,rlm,gpt,Q16,factual,1,OK,20.244,0.053405,2,16
C2,rlm,gpt,Q16,factual,2,OK,26.917,0.10441,2,12
C2,rlm,gpt,Q17,comparison,1,OK,9.211,0.023718,5,6
C2,rlm,gpt,Q17,comparison,2,OK,10.766,0.021021,4,16
C2,rlm,gpt,Q18,comparison,1,OK,12.344,0.087779,5,14
C2,rlm,gpt,Q18,comparison,2,OK,10.774,0.021104,2,16
C2,rlm,gpt,Q19,comparison,1,OK,12.352,0.028416,5,8
C2,rlm,gpt,Q19,comparison,2,OK,9.84,0.021962,5,6
C2,rlm,gpt,Q20,comparison,1,OK,21.368,0.073301,4,10
C2,rlm,gpt,Q20,comparison,2,OK,14.222,0.03913,4,9
C2,rlm,gpt,Q21,comparison,1,OK,12.853,0.024986,5,16
C2,rlm,gpt,Q21,comparison,2,OK,10.329,0.022065,4,16
C2,rlm,gpt,Q22,comparison,1,OK,15.217,0.039764,4,16
C2,rlm,gpt,Q22,comparison,2,OK,23.751,0.136272,5,16
C2,rlm,gpt,Q23,comparison,1,OK,18.349,0.029036,5,16
C2,rlm,gpt,Q23,comparison,2,OK,9.22,0.019588,5,9
C2,rlm,gpt,Q24,comparison,1,OK,8.712,0.026429,4,6
C2,rlm,gpt,Q24,comparison,2,OK,12.33,0.043336,5,8
C2,rlm,gpt,Q25,comparison,1,OK,10.708,0.023036,1,16
C2,rlm,gpt,Q25,comparison,2,OK,10.837,0.021946,1,16
C2,rlm,gpt,Q26,comparison,1,OK,8.862,0.026516,4,6
C2,rlm,gpt,Q26,comparison,2,OK,12.74,0.040547,5,9
C2,rlm,gpt,Q27,comparison,1,OK,17.232,0.08203,2,16
C2,rlm,gpt,Q27,comparison,2,OK,22.704,0.090493,2,14
C2,rlm,gpt,Q28,comparison,1,OK,24.209,0.060881,3,16
C2,rlm,gpt,Q28,comparison,2,OK,10.84,0.030244,4,7
C2,rlm,gpt,Q29,comparison,1,OK,13.366,0.049888,5,9
C2,rlm,gpt,Q29,comparison,2,OK,15.726,0.02766,4,16
C2,rlm,gpt,Q30,comparison,1,OK,17.743,0.026995,2,16
C2,rlm,gpt,Q30,comparison,2,OK,12.348,0.024091,2,16
C2,rlm,gpt,Q31,synthesis,1,OK,28.792,0.051858,4,9
C2,rlm,gpt,Q31,synthesis,2,OK,29.786,0.113157,4,13
C2,rlm,gpt,Q32,synthesis,1,OK,13.72,0.020296,1,16
C2,rlm,gpt,Q32,synthesis,2,OK,23.26,0.056075,4,7
C2,rlm,gpt,Q33,synthesis,1,OK,48.141,0.069364,4,11
C2,rlm,gpt,Q33,synthesis,2,OK,17.743,0.034426,5,8
C2,rlm,gpt,Q34,synthesis,1,OK,20.938,0.048865,4,7
C2,rlm,gpt,Q34,synthesis,2,OK,16.228,0.030004,4,7
C2,rlm,gpt,Q35,synthesis,1,OK,15.85,0.022819,1,16
C2,rlm,gpt,Q35,synthesis,2,OK,17.74,0.032117,4,10
C2,rlm,gpt,Q36,synthesis,1,OK,20.733,0.057624,4,9
C2,rlm,gpt,Q36,synthesis,2,OK,15.755,0.034091,4,7
C2,rlm,gpt,Q37,synthesis,1,OK,17.727,0.04369,4,8
C2,rlm,gpt,Q37,synthesis,2,OK,25.779,0.046755,4,8
C2,rlm,gpt,Q38,synthesis,1,OK,17.225,0.023141,1,15
C2,rlm,gpt,Q38,synthesis,2,OK,24.715,0.059714,4,10
C2,rlm,gpt,Q39,synthesis,1,OK,21.734,0.045005,4,11
C2,rlm,gpt,Q39,synthesis,2,OK,26.777,0.124571,3,16
C2,rlm,gpt,Q40,synthesis,1,OK,14.352,0.020665,1,16
C2,rlm,gpt,Q40,synthesis,2,OK,20.36,0.025111,4,16
C3,baseline,gemini,Q01,factual,1,OK,4.485,0.107867,5,
C3,baseline,gemini,Q01,factual,2,OK,2.222,0.10785,5,
C3,baseline,gemini,Q02,factual,1,OK,6.614,0.108167,5,
C3,baseline,gemini,Q02,factual,2,OK,6.065,0.108022,5,
C3,baseline,gemini,Q03,factual,1,OK,6.785,0.108148,5,
C3,baseline,gemini,Q03,factual,2,OK,5.676,0.107976,5,
C3,baseline,gemini,Q04,factual,1,OK,6.912,0.107876,5,
C3,baseline,gemini,Q04,factual,2,OK,14.672,0.107811,5,
C3,baseline,gemini,Q05,factual,1,OK,8.925,0.107942,5,
C3,baseline,gemini,Q05,factual,2,OK,3.359,0.108019,5,
C3,baseline,gemini,Q06,factual,1,OK,8.407,0.10836,5,
C3,baseline,gemini,Q06,factual,2,OK,7.65,0.109025,5,
C3,baseline,gemini,Q07,factual,1,OK,7.08,0.108388,5,
C3,baseline,gemini,Q07,factual,2,OK,4.224,0.108238,5,
C3,baseline,gemini,Q08,factual,1,OK,9.062,0.107779,5,
C3,baseline,gemini,Q08,factual,2,OK,5.497,0.107764,5,
C3,baseline,gemini,Q09,factual,1,OK,8.74,0.108331,5,
C3,baseline,gemini,Q09,factual,2,OK,8.393,0.108091,5,
C3,baseline,gemini,Q10,factual,1,OK,5.949,0.107978,5,
C3,baseline,gemini,Q10,factual,2,OK,5.894,0.10783,5,
C3,baseline,gemini,Q11,factual,1,OK,5.896,0.108174,5,
C3,baseline,gemini,Q11,factual,2,OK,7.099,0.108199,4,
C3,baseline,gemini,Q12,factual,1,OK,6.383,0.108344,5,
C3,baseline,gemini,Q12,factual,2,OK,5.732,0.108102,5,
C3,baseline,gemini,Q13,factual,1,OK,6.824,0.107919,5,
C3,baseline,gemini,Q13,factual,2,OK,6.529,0.108026,5,
C3,baseline,gemini,Q14,factual,1,OK,5.165,0.107915,5,
C3,baseline,gemini,Q14,factual,2,OK,5.414,0.107915,5,
C3,baseline,gemini,Q15,factual,1,OK,7.934,0.108353,4,
C3,baseline,gemini,Q15,factual,2,OK,15.143,0.109805,4,
C3,baseline,gemini,Q16,factual,1,OK,7.281,0.108032,5,
C3,baseline,gemini,Q16,factual,2,OK,7.82,0.107939,5,
C3,baseline,gemini,Q17,comparison,1,OK,11.605,0.109604,5,
C3,baseline,gemini,Q17,comparison,2,OK,8.272,0.108856,5,
C3,baseline,gemini,Q18,comparison,1,OK,12.552,0.110488,5,
C3,baseline,gemini,Q18,comparison,2,OK,9.236,0.109266,5,
C3,baseline,gemini,Q19,comparison,1,OK,11.925,0.109854,5,
C3,baseline,gemini,Q19,comparison,2,OK,11.597,0.111171,5,
C3,baseline,gemini,Q20,comparison,1,OK,16.74,0.110327,4,
C3,baseline,gemini,Q20,comparison,2,OK,21.005,0.111377,4,
C3,baseline,gemini,Q21,comparison,1,OK,11.298,0.109064,5,
C3,baseline,gemini,Q21,comparison,2,OK,14.276,0.109129,5,
C3,baseline,gemini,Q22,comparison,1,OK,8.262,0.108257,5,
C3,baseline,gemini,Q22,comparison,2,OK,10.905,0.108702,5,
C3,baseline,gemini,Q23,comparison,1,OK,16.009,0.109219,4,
C3,baseline,gemini,Q23,comparison,2,OK,20.858,0.109699,4,
C3,baseline,gemini,Q24,comparison,1,OK,17.572,0.110368,5,
C3,baseline,gemini,Q24,comparison,2,OK,12.625,0.110971,4,
C3,baseline,gemini,Q25,comparison,1,OK,8.929,0.108506,4,
C3,baseline,gemini,Q25,comparison,2,OK,7.549,0.108245,4,
C3,baseline,gemini,Q26,comparison,1,OK,8.906,0.108761,5,
C3,baseline,gemini,Q26,comparison,2,OK,7.205,0.108584,5,
C3,baseline,gemini,Q27,comparison,1,OK,8.486,0.108576,5,
C3,baseline,gemini,Q27,comparison,2,OK,8.485,0.108768,5,
C3,baseline,gemini,Q28,comparison,1,OK,15.845,0.109124,4,
C3,baseline,gemini,Q28,comparison,2,OK,12.482,0.108854,5,
C3,baseline,gemini,Q29,comparison,1,OK,12.274,0.108939,5,
C3,baseline,gemini,Q29,comparison,2,OK,11.505,0.108886,5,
C3,baseline,gemini,Q30,comparison,1,OK,17.588,0.109581,4,
C3,baseline,gemini,Q30,comparison,2,OK,12.704,0.109558,5,
C3,baseline,gemini,Q31,synthesis,1,OK,39.783,0.111024,4,
C3,baseline,gemini,Q31,synthesis,2,OK,44.232,0.111036,4,
C3,baseline,gemini,Q32,synthesis,1,OK,41.51,0.114638,4,
C3,baseline,gemini,Q32,synthesis,2,OK,19.643,0.112491,4,
C3,baseline,gemini,Q33,synthesis,1,OK,32.435,0.111886,4,
C3,baseline,gemini,Q33,synthesis,2,OK,94.696,0.112689,5,
C3,baseline,gemini,Q34,synthesis,1,OK,133.545,0.112937,4,
C3,baseline,gemini,Q34,synthesis,2,OK,70.186,0.11274,4,
C3,baseline,gemini,Q35,synthesis,1,OK,47.468,0.112367,4,
C3,baseline,gemini,Q35,synthesis,2,OK,82.237,0.112755,4,
C3,baseline,gemini,Q36,synthesis,1,OK,41.643,0.110938,5,
C3,baseline,gemini,Q36,synthesis,2,OK,52.012,0.111768,4,
C3,baseline,gemini,Q37,synthesis,1,OK,19.996,0.109804,4,
C3,baseline,gemini,Q37,synthesis,2,OK,46.931,0.110569,4,
C3,baseline,gemini,Q38,synthesis,1,OK,76.933,0.113376,4,
C3,baseline,gemini,Q38,synthesis,2,OK,70.156,0.111911,4,
C3,baseline,gemini,Q39,synthesis,1,OK,102.125,0.115707,4,
C3,baseline,gemini,Q39,synthesis,2,OK,94.59,0.113367,2,
C3,baseline,gemini,Q40,synthesis,1,OK,85.634,0.115408,4,
C3,baseline,gemini,Q40,synthesis,2,OK,40.909,0.116641,4,
C3,baseline,,Q01,,1,SKIPPED_CONTEXT_LIMIT,,,,
C3,baseline,,Q01,,2,SKIPPED_CONTEXT_LIMIT,,,,
C3,baseline,,Q02,,1,SKIPPED_CONTEXT_LIMIT,,,,
C3,baseline,,Q02,,2,SKIPPED_CONTEXT_LIMIT,,,,
C3,baseline,,Q03,,1,SKIPPED_CONTEXT_LIMIT,,,,
C3,baseline,,Q03,,2,SKIPPED_CONTEXT_LIMIT,,,,
C3,baseline,,Q04,,1,SKIPPED_CONTEXT_LIMIT,,,,
C3,baseline,,Q04,,2,SKIPPED_CONTEXT_LIMIT,,,,
C3,baseline,,Q05,,1,SKIPPED_CONTEXT_LIMIT,,,,
C3,baseline,,Q05,,2,SKIPPED_CONTEXT_LIMIT,,,,
C3,baseline,,Q06,,1,SKIPPED_CONTEXT_LIMIT,,,,
C3,baseline,,Q06,,2,SKIPPED_CONTEXT_LIMIT,,,,
C3,baseline,,Q07,,1,SKIPPED_CONTEXT_LIMIT,,,,
C3,baseline,,Q07,,2,SKIPPED_CONTEXT_LIMIT,,,,
C3,baseline,,Q08,,1,SKIPPED_CONTEXT_LIMIT,,,,
C3,baseline,,Q08,,2,SKIPPED_CONTEXT_LIMIT,,,,
C3,baseline,,Q09,,1,SKIPPED_CONTEXT_LIMIT,,,,
C3,baseline,,Q09,,2,SKIPPED_CONTEXT_LIMIT,,,,
C3,baseline,,Q10,,1,SKIPPED_CONTEXT_LIMIT,,,,
C3,baseline,,Q10,,2,SKIPPED_CONTEXT_LIMIT,,,,
C3,baseline,,Q11,,1,SKIPPED_CONTEXT_LIMIT,,,,
C3,baseline,,Q11,,2,SKIPPED_CONTEXT_LIMIT,,,,
C3,baseline,,Q12,,1,SKIPPED_CONTEXT_LIMIT,,,,
C3,baseline,,Q12,,2,SKIPPED_CONTEXT_LIMIT,,,,
C3,baseline,,Q13,,1,SKIPPED_CONTEXT_LIMIT,,,,
C3,baseline,,Q13,,2,SKIPPED_CONTEXT_LIMIT,,,,
C3,baseline,,Q14,,1,SKIPPED_CONTEXT_LIMIT,,,,
C3,baseline,,Q14,,2,SKIPPED_CONTEXT_LIMIT,,,,
C3,baseline,,Q15,,1,SKIPPED_CONTEXT_LIMIT,,,,
C3,baseline,,Q15,,2,SKIPPED_CONTEXT_LIMIT,,,,
C3,baseline,,Q16,,1,SKIPPED_CONTEXT_LIMIT,,,,
C3,baseline,,Q16,,2,SKIPPED_CONTEXT_LIMIT,,,,
C3,baseline,,Q17,,1,SKIPPED_CONTEXT_LIMIT,,,,
C3,baseline,,Q17,,2,SKIPPED_CONTEXT_LIMIT,,,,
C3,baseline,,Q18,,1,SKIPPED_CONTEXT_LIMIT,,,,
C3,baseline,,Q18,,2,SKIPPED_CONTEXT_LIMIT,,,,
C3,baseline,,Q19,,1,SKIPPED_CONTEXT_LIMIT,,,,
C3,baseline,,Q19,,2,SKIPPED_CONTEXT_LIMIT,,,,
C3,baseline,,Q20,,1,SKIPPED_CONTEXT_LIMIT,,,,
C3,baseline,,Q20,,2,SKIPPED_CONTEXT_LIMIT,,,,
C3,baseline,,Q21,,1,SKIPPED_CONTEXT_LIMIT,,,,
C3,baseline,,Q21,,2,SKIPPED_CONTEXT_LIMIT,,,,
C3,baseline,,Q22,,1,SKIPPED_CONTEXT_LIMIT,,,,
C3,baseline,,Q22,,2,SKIPPED_CONTEXT_LIMIT,,,,
C3,baseline,,Q23,,1,SKIPPED_CONTEXT_LIMIT,,,,
C3,baseline,,Q23,,2,SKIPPED_CONTEXT_LIMIT,,,,
C3,baseline,,Q24,,1,SKIPPED_CONTEXT_LIMIT,,,,
C3,baseline,,Q24,,2,SKIPPED_CONTEXT_LIMIT,,,,
C3,baseline,,Q25,,1,SKIPPED_CONTEXT_LIMIT,,,,
C3,baseline,,Q25,,2,SKIPPED_CONTEXT_LIMIT,,,,
C3,baseline,,Q26,,1,SKIPPED_CONTEXT_LIMIT,,,,
C3,baseline,,Q26,,2,SKIPPED_CONTEXT_LIMIT,,,,
C3,baseline,,Q27,,1,SKIPPED_CONTEXT_LIMIT,,,,
C3,baseline,,Q27,,2,SKIPPED_CONTEXT_LIMIT,,,,
C3,baseline,,Q28,,1,SKIPPED_CONTEXT_LIMIT,,,,
C3,baseline,,Q28,,2,SKIPPED_CONTEXT_LIMIT,,,,
C3,baseline,,Q29,,1,SKIPPED_CONTEXT_LIMIT,,,,
C3,baseline,,Q29,,2,SKIPPED_CONTEXT_LIMIT,,,,
C3,baseline,,Q30,,1,SKIPPED_CONTEXT_LIMIT,,,,
C3,baseline,,Q30,,2,SKIPPED_CONTEXT_LIMIT,,,,
C3,baseline,,Q31,,1,SKIPPED_CONTEXT_LIMIT,,,,
C3,baseline,,Q31,,2,SKIPPED_CONTEXT_LIMIT,,,,
C3,baseline,,Q32,,1,SKIPPED_CONTEXT_LIMIT,,,,
C3,baseline,,Q32,,2,SKIPPED_CONTEXT_LIMIT,,,,
C3,baseline,,Q33,,1,SKIPPED_CONTEXT_LIMIT,,,,
C3,baseline,,Q33,,2,SKIPPED_CONTEXT_LIMIT,,,,
C3,baseline,,Q34,,1,SKIPPED_CONTEXT_LIMIT,,,,
C3,baseline,,Q34,,2,SKIPPED_CONTEXT_LIMIT,,,,
C3,baseline,,Q35,,1,SKIPPED_CONTEXT_LIMIT,,,,
C3,baseline,,Q35,,2,SKIPPED_CONTEXT_LIMIT,,,,
C3,baseline,,Q36,,1,SKIPPED_CONTEXT_LIMIT,,,,
C3,baseline,,Q36,,2,SKIPPED_CONTEXT_LIMIT,,,,
C3,baseline,,Q37,,1,SKIPPED_CONTEXT_LIMIT,,,,
C3,baseline,,Q37,,2,SKIPPED_CONTEXT_LIMIT,,,,
C3,baseline,,Q38,,1,SKIPPED_CONTEXT_LIMIT,,,,
C3,baseline,,Q38,,2,SKIPPED_CONTEXT_LIMIT,,,,
C3,baseline,,Q39,,1,SKIPPED_CONTEXT_LIMIT,,,,
C3,baseline,,Q39,,2,SKIPPED_CONTEXT_LIMIT,,,,
C3,baseline,,Q40,,1,SKIPPED_CONTEXT_LIMIT,,,,
C3,baseline,,Q40,,2,SKIPPED_CONTEXT_LIMIT,,,,
C3,rag,gemini,Q01,factual,1,OK,2.359,0.000872,5,
C3,rag,gemini,Q01,factual,2,OK,1.515,0.000892,5,
C3,rag,gemini,Q02,factual,1,OK,3.606,0.00088,2,
C3,rag,gemini,Q02,factual,2,OK,3.049,0.000885,2,
C3,rag,gemini,Q03,factual,1,OK,5.479,0.000886,2,
C3,rag,gemini,Q03,factual,2,OK,5.565,0.000886,2,
C3,rag,gemini,Q04,factual,1,OK,2.837,0.000933,5,
C3,rag,gemini,Q04,factual,2,OK,2.926,0.000933,5,
C3,rag,gemini,Q05,factual,1,OK,2.365,0.000762,5,
C3,rag,gemini,Q05,factual,2,OK,2.236,0.000762,5,
C3,rag,gemini,Q06,factual,1,OK,5.73,0.001301,5,
C3,rag,gemini,Q06,factual,2,OK,6.153,0.001301,5,
C3,rag,gemini,Q07,factual,1,OK,4.056,0.001157,5,
C3,rag,gemini,Q07,factual,2,OK,4.457,0.001157,4,
C3,rag,gemini,Q08,factual,1,OK,1.92,0.000836,5,
C3,rag,gemini,Q08,factual,2,OK,1.779,0.000836,5,
C3,rag,gemini,Q09,factual,1,OK,2.097,0.001008,5,
C3,rag,gemini,Q09,factual,2,OK,2.199,0.001033,5,
C3,rag,gemini,Q10,factual,1,OK,1.534,0.000849,5,
C3,rag,gemini,Q10,factual,2,OK,1.505,0.000849,5,
C3,rag,gemini,Q11,factual,1,OK,1.832,0.001104,5,
C3,rag,gemini,Q11,factual,2,OK,1.753,0.001104,5,
C3,rag,gemini,Q12,factual,1,OK,3.325,0.001312,5,
C3,rag,gemini,Q12,factual,2,OK,3.181,0.001312,5,
C3,rag,gemini,Q13,factual,1,OK,2.087,0.000879,5,
C3,rag,gemini,Q13,factual,2,OK,2.355,0.000857,5,
C3,rag,gemini,Q14,factual,1,OK,2.081,0.000818,5,
C3,rag,gemini,Q14,factual,2,OK,1.909,0.000818,5,
C3,rag,gemini,Q15,factual,1,OK,2.512,0.001045,4,
C3,rag,gemini,Q15,factual,2,OK,2.483,0.001045,5,
C3,rag,gemini,Q16,factual,1,OK,3.252,0.000989,1,
C3,rag,gemini,Q16,factual,2,OK,2.999,0.000996,1,
C3,rag,gemini,Q17,comparison,1,OK,3.621,0.001037,2,
C3,rag,gemini,Q17,comparison,2,OK,3.111,0.001122,2,
C3,rag,gemini,Q18,comparison,1,OK,3.09,0.00108,2,
C3,rag,gemini,Q18,comparison,2,OK,3.192,0.00108,2,
C3,rag,gemini,Q19,comparison,1,OK,4.897,0.001313,2,
C3,rag,gemini,Q19,comparison,2,OK,5.355,0.001218,2,
C3,rag,gemini,Q20,comparison,1,OK,5.205,0.001211,2,
C3,rag,gemini,Q20,comparison,2,OK,5.506,0.001291,3,
C3,rag,gemini,Q21,comparison,1,OK,5.096,0.001122,2,
C3,rag,gemini,Q21,comparison,2,OK,5.2,0.001122,3,
C3,rag,gemini,Q22,comparison,1,OK,6.844,0.001153,2,
C3,rag,gemini,Q22,comparison,2,OK,6.068,0.001153,2,
C3,rag,gemini,Q23,comparison,1,OK,4.224,0.001381,3,
C3,rag,gemini,Q23,comparison,2,OK,3.052,0.001036,2,
C3,rag,gemini,Q24,comparison,1,OK,8.343,0.001154,4,
C3,rag,gemini,Q24,comparison,2,OK,8.519,0.001154,4,
C3,rag,gemini,Q25,comparison,1,OK,4.711,0.00107,3,
C3,rag,gemini,Q25,comparison,2,OK,4.042,0.001068,2,
C3,rag,gemini,Q26,comparison,1,OK,4.447,0.001214,2,
C3,rag,gemini,Q26,comparison,2,OK,4.459,0.001214,2,
C3,rag,gemini,Q27,comparison,1,OK,7.235,0.001525,2,
C3,rag,gemini,Q27,comparison,2,OK,7.37,0.00147,2,
C3,rag,gemini,Q28,comparison,1,OK,8.856,0.001048,3,
C3,rag,gemini,Q28,comparison,2,OK,4.574,0.001048,3,
C3,rag,gemini,Q29,comparison,1,OK,3.899,0.001198,4,
C3,rag,gemini,Q29,comparison,2,OK,3.824,0.001198,4,
C3,rag,gemini,Q30,comparison,1,OK,3.345,0.001064,2,
C3,rag,gemini,Q30,comparison,2,OK,4.074,0.001147,2,
C3,rag,gemini,Q31,synthesis,1,OK,5.183,0.001242,1,
C3,rag,gemini,Q31,synthesis,2,OK,4.547,0.001242,1,
C3,rag,gemini,Q32,synthesis,1,OK,9.257,0.001642,3,
C3,rag,gemini,Q32,synthesis,2,OK,10.011,0.001642,2,
C3,rag,gemini,Q33,synthesis,1,OK,9.499,0.001236,3,
C3,rag,gemini,Q33,synthesis,2,OK,9.82,0.001236,3,
C3,rag,gemini,Q34,synthesis,1,OK,5.998,0.001135,2,
C3,rag,gemini,Q34,synthesis,2,OK,5.928,0.001135,2,
C3,rag,gemini,Q35,synthesis,1,OK,8.55,0.001363,2,
C3,rag,gemini,Q35,synthesis,2,OK,11.202,0.001421,2,
C3,rag,gemini,Q36,synthesis,1,OK,8.842,0.001235,4,
C3,rag,gemini,Q36,synthesis,2,OK,7.125,0.00121,4,
C3,rag,gemini,Q37,synthesis,1,OK,6.278,0.001089,2,
C3,rag,gemini,Q37,synthesis,2,OK,7.602,0.001089,2,
C3,rag,gemini,Q38,synthesis,1,OK,3.77,0.000857,1,
C3,rag,gemini,Q38,synthesis,2,OK,7.045,0.000857,1,
C3,rag,gemini,Q39,synthesis,1,OK,12.354,0.001471,2,
C3,rag,gemini,Q39,synthesis,2,OK,7.478,0.001531,2,
C3,rag,gemini,Q40,synthesis,1,OK,10.538,0.001393,2,
C3,rag,gemini,Q40,synthesis,2,OK,14.489,0.001393,2,
C3,rag,gpt,Q01,factual,1,OK,1.414,0.002119,5,
C3,rag,gpt,Q01,factual,2,OK,1.078,0.002097,5,
C3,rag,gpt,Q02,factual,1,OK,1.419,0.002284,2,
C3,rag,gpt,Q02,factual,2,OK,1.389,0.00223,2,
C3,rag,gpt,Q03,factual,1,OK,1.036,0.002032,2,
C3,rag,gpt,Q03,factual,2,OK,1.144,0.002054,2,
C3,rag,gpt,Q04,factual,1,OK,1.415,0.00198,5,
C3,rag,gpt,Q04,factual,2,OK,1.176,0.001935,5,
C3,rag,gpt,Q05,factual,1,OK,1.061,0.001589,5,
C3,rag,gpt,Q05,factual,2,OK,1.786,0.001576,5,
C3,rag,gpt,Q06,factual,1,OK,1.889,0.002863,5,
C3,rag,gpt,Q06,factual,2,OK,2.145,0.002714,5,
C3,rag,gpt,Q07,factual,1,OK,1.824,0.002375,5,
C3,rag,gpt,Q07,factual,2,OK,1.639,0.002398,5,
C3,rag,gpt,Q08,factual,1,OK,0.917,0.001951,5,
C3,rag,gpt,Q08,factual,2,OK,1.121,0.001951,5,
C3,rag,gpt,Q09,factual,1,OK,1.204,0.002197,5,
C3,rag,gpt,Q09,factual,2,OK,1.208,0.002089,5,
C3,rag,gpt,Q10,factual,1,OK,1.093,0.001983,5,
C3,rag,gpt,Q10,factual,2,OK,0.947,0.001961,5,
C3,rag,gpt,Q11,factual,1,OK,1.282,0.001985,4,
C3,rag,gpt,Q11,factual,2,OK,1.111,0.002003,4,
C3,rag,gpt,Q12,factual,1,OK,1.458,0.002602,5,
C3,rag,gpt,Q12,factual,2,OK,1.506,0.002602,5,
C3,rag,gpt,Q13,factual,1,OK,1.364,0.001901,5,
C3,rag,gpt,Q13,factual,2,OK,0.93,0.001901,5,
C3,rag,gpt,Q14,factual,1,OK,1.193,0.001941,5,
C3,rag,gpt,Q14,factual,2,OK,1.291,0.001941,5,
C3,rag,gpt,Q15,factual,1,OK,1.889,0.002518,5,
C3,rag,gpt,Q15,factual,2,OK,1.616,0.002487,5,
C3,rag,gpt,Q16,factual,1,OK,1.165,0.002092,1,
C3,rag,gpt,Q16,factual,2,OK,1.395,0.002078,1,
C3,rag,gpt,Q17,comparison,1,OK,2.051,0.002606,4,
C3,rag,gpt,Q17,comparison,2,OK,2.253,0.002538,4,
C3,rag,gpt,Q18,comparison,1,OK,1.708,0.002707,5,
C3,rag,gpt,Q18,comparison,2,OK,3.157,0.002864,5,
C3,rag,gpt,Q19,comparison,1,OK,2.372,0.002973,5,
C3,rag,gpt,Q19,comparison,2,OK,3.181,0.002865,5,
C3,rag,gpt,Q20,comparison,1,OK,2.333,0.003011,5,
C3,rag,gpt,Q20,comparison,2,OK,2.328,0.003015,4,
C3,rag,gpt,Q21,comparison,1,OK,1.683,0.002605,5,
C3,rag,gpt,Q21,comparison,2,OK,1.785,0.002794,5,
C3,rag,gpt,Q22,comparison,1,OK,4.336,0.002681,4,
C3,rag,gpt,Q22,comparison,2,OK,1.667,0.002568,3,
C3,rag,gpt,Q23,comparison,1,OK,1.818,0.00298,5,
C3,rag,gpt,Q23,comparison,2,OK,2.853,0.003061,5,
C3,rag,gpt,Q24,comparison,1,OK,2.33,0.002962,4,
C3,rag,gpt,Q24,comparison,2,OK,1.703,0.002742,4,
C3,rag,gpt,Q25,comparison,1,OK,0.871,0.002273,2,
C3,rag,gpt,Q25,comparison,2,OK,1.156,0.002295,4,
C3,rag,gpt,Q26,comparison,1,OK,1.756,0.002708,4,
C3,rag,gpt,Q26,comparison,2,OK,1.515,0.002551,5,
C3,rag,gpt,Q27,comparison,1,OK,2.304,0.003173,2,
C3,rag,gpt,Q27,comparison,2,OK,1.981,0.003011,2,
C3,rag,gpt,Q28,comparison,1,OK,1.095,0.002312,3,
C3,rag,gpt,Q28,comparison,2,OK,1.381,0.002371,3,
C3,rag,gpt,Q29,comparison,1,OK,1.768,0.00278,4,
C3,rag,gpt,Q29,comparison,2,OK,2.212,0.003001,2,
C3,rag,gpt,Q30,comparison,1,OK,2.012,0.002846,4,
C3,rag,gpt,Q30,comparison,2,OK,1.999,0.002851,4,
C3,rag,gpt,Q31,synthesis,1,OK,5.392,0.003555,3,
C3,rag,gpt,Q31,synthesis,2,OK,3.682,0.003622,2,
C3,rag,gpt,Q32,synthesis,1,OK,4.032,0.002962,2,
C3,rag,gpt,Q32,synthesis,2,OK,4.299,0.003169,2,
C3,rag,gpt,Q33,synthesis,1,OK,3.682,0.003336,4,
C3,rag,gpt,Q33,synthesis,2,OK,6.806,0.003449,4,
C3,rag,gpt,Q34,synthesis,1,OK,2.449,0.002845,3,
C3,rag,gpt,Q34,synthesis,2,OK,3.049,0.002926,3,
C3,rag,gpt,Q35,synthesis,1,OK,2.035,0.002713,2,
C3,rag,gpt,Q35,synthesis,2,OK,1.397,0.002519,2,
C3,rag,gpt,Q36,synthesis,1,OK,3.444,0.003466,4,
C3,rag,gpt,Q36,synthesis,2,OK,3.449,0.003278,4,
C3,rag,gpt,Q37,synthesis,1,OK,2.956,0.003193,4,
C3,rag,gpt,Q37,synthesis,2,OK,3.45,0.003328,4,
C3,rag,gpt,Q38,synthesis,1,OK,3.758,0.003074,4,
C3,rag,gpt,Q38,synthesis,2,OK,3.301,0.003038,4,
C3,rag,gpt,Q39,synthesis,1,OK,3.376,0.003446,2,
C3,rag,gpt,Q39,synthesis,2,OK,3.869,0.003436,2,
C3,rag,gpt,Q40,synthesis,1,OK,4.188,0.003907,2,
C3,rag,gpt,Q40,synthesis,2,OK,3.283,0.003209,4,
C3,rlm,gemini,Q01,factual,1,OK,294.223,0.009014,5,5
C3,rlm,gemini,Q01,factual,2,OK,9.319,0.004277,5,4
C3,rlm,gemini,Q02,factual,1,OK,25.317,0.005898,1,6
C3,rlm,gemini,Q02,factual,2,OK,31.781,0.012847,1,8
C3,rlm,gemini,Q03,factual,1,OK,28.052,0.008295,2,7
C3,rlm,gemini,Q03,factual,2,OK,9.127,0.003419,5,4
C3,rlm,gemini,Q04,factual,1,OK,82.168,0.023627,1,9
C3,rlm,gemini,Q04,factual,2,OK,32.112,0.006186,5,6
C3,rlm,gemini,Q05,factual,1,OK,8.904,0.003772,2,4
C3,rlm,gemini,Q05,factual,2,OK,30.185,0.004528,1,4
C3,rlm,gemini,Q06,factual,1,OK,11.09,0.002877,1,3
C3,rlm,gemini,Q06,factual,2,OK,27.103,0.00635,5,5
C3,rlm,gemini,Q07,factual,1,OK,67.066,0.018448,4,11
C3,rlm,gemini,Q07,factual,2,OK,51.63,0.01247,4,9
C3,rlm,gemini,Q08,factual,1,OK,296.551,0.039071,1,13
C3,rlm,gemini,Q08,factual,2,OK,17.992,0.005589,5,4
C3,rlm,gemini,Q09,factual,1,OK,20.449,0.003605,4,3
C3,rlm,gemini,Q09,factual,2,OK,17.443,0.00463,1,4
C3,rlm,gemini,Q10,factual,1,OK,13.564,0.006391,1,5
C3,rlm,gemini,Q10,factual,2,OK,12.39,0.004217,1,5
C3,rlm,gemini,Q11,factual,1,OK,19.613,0.009697,4,8
C3,rlm,gemini,Q11,factual,2,OK,44.335,0.012111,4,8
C3,rlm,gemini,Q12,factual,1,OK,35.021,0.006766,1,5
C3,rlm,gemini,Q12,factual,2,OK,123.32,0.030567,1,9
C3,rlm,gemini,Q13,factual,1,OK,12.369,0.003177,1,4
C3,rlm,gemini,Q13,factual,2,OK,22.887,0.009183,1,7
C3,rlm,gemini,Q14,factual,1,OK,54.203,0.012717,5,8
C3,rlm,gemini,Q14,factual,2,OK,31.983,0.008763,1,6
C3,rlm,gemini,Q15,factual,1,OK,111.577,0.038031,1,16
C3,rlm,gemini,Q15,factual,2,OK,49.861,0.008872,1,6
C3,rlm,gemini,Q16,factual,1,OK,54.403,0.013719,4,8
C3,rlm,gemini,Q16,factual,2,OK,61.305,0.011539,1,8
C3,rlm,gemini,Q17,comparison,1,OK,49.427,0.021558,4,8
C3,rlm,gemini,Q17,comparison,2,OK,58.519,0.009783,1,7
C3,rlm,gemini,Q18,comparison,1,OK,21.289,0.010346,5,5
C3,rlm,gemini,Q18,comparison,2,OK,71.561,0.031065,2,11
C3,rlm,gemini,Q19,comparison,1,OK,44.694,0.013362,5,8
C3,rlm,gemini,Q19,comparison,2,OK,13.599,0.00354,2,4
C3,rlm,gemini,Q20,comparison,1,OK,37.99,0.00881,2,6
C3,rlm,gemini,Q20,comparison,2,OK,41.045,0.016095,4,6
C3,rlm,gemini,Q21,comparison,1,OK,25.93,0.008886,5,4
C3,rlm,gemini,Q21,comparison,2,OK,21.765,0.009318,5,5
C3,rlm,gemini,Q22,comparison,1,OK,39.27,0.014641,2,6
C3,rlm,gemini,Q22,comparison,2,OK,29.68,0.006176,2,5
C3,rlm,gemini,Q23,comparison,1,OK,37.211,0.017886,4,7
C3,rlm,gemini,Q23,comparison,2,OK,35.695,0.020318,5,7
C3,rlm,gemini,Q24,comparison,1,OK,42.617,0.022099,4,9
C3,rlm,gemini,Q24,comparison,2,OK,63.804,0.028027,4,12
C3,rlm,gemini,Q25,comparison,1,OK,33.272,0.007664,4,4
C3,rlm,gemini,Q25,comparison,2,OK,33.78,0.013253,2,9
C3,rlm,gemini,Q26,comparison,1,OK,25.326,0.011832,5,6
C3,rlm,gemini,Q26,comparison,2,OK,22.005,0.006724,4,5
C3,rlm,gemini,Q27,comparison,1,OK,29.689,0.00975,2,4
C3,rlm,gemini,Q27,comparison,2,OK,22.383,0.011046,2,6
C3,rlm,gemini,Q28,comparison,1,OK,31.024,0.016008,4,5
C3,rlm,gemini,Q28,comparison,2,OK,29.032,0.011266,4,6
C3,rlm,gemini,Q29,comparison,1,OK,21.259,0.007276,5,5
C3,rlm,gemini,Q29,comparison,2,OK,74.45,0.056698,4,16
C3,rlm,gemini,Q30,comparison,1,OK,17.469,0.008289,5,5
C3,rlm,gemini,Q30,comparison,2,OK,49.214,0.015404,3,7
C3,rlm,gemini,Q31,synthesis,1,OK,37.206,0.007183,4,5
C3,rlm,gemini,Q31,synthesis,2,OK,143.694,0.008677,4,6
C3,rlm,gemini,Q32,synthesis,1,OK,51.922,0.005103,4,3
C3,rlm,gemini,Q32,synthesis,2,OK,48.05,0.009832,4,6
C3,rlm,gemini,Q33,synthesis,1,OK,36.694,0.008029,4,6
C3,rlm,gemini,Q33,synthesis,2,OK,49.385,0.009412,5,5
C3,rlm,gemini,Q34,synthesis,1,OK,83.509,0.010532,4,6
C3,rlm,gemini,Q34,synthesis,2,OK,38.997,0.007285,4,6
C3,rlm,gemini,Q35,synthesis,1,OK,56.906,0.012032,4,6
C3,rlm,gemini,Q35,synthesis,2,OK,37.086,0.006026,4,4
C3,rlm,gemini,Q36,synthesis,1,OK,41.062,0.007895,4,6
C3,rlm,gemini,Q36,synthesis,2,OK,21.689,0.006917,2,3
C3,rlm,gemini,Q37,synthesis,1,OK,159.283,0.09082,5,13
C3,rlm,gemini,Q37,synthesis,2,OK,43.305,0.007643,5,6
C3,rlm,gemini,Q38,synthesis,1,OK,47.405,0.010659,3,7
C3,rlm,gemini,Q38,synthesis,2,OK,109.484,0.025212,1,8
C3,rlm,gemini,Q39,synthesis,1,OK,85.239,0.010325,2,6
C3,rlm,gemini,Q39,synthesis,2,OK,246.502,0.00901,2,5
C3,rlm,gemini,Q40,synthesis,1,OK,69.04,0.035218,4,10
C3,rlm,gemini,Q40,synthesis,2,OK,49.415,0.007675,4,4
C3,rlm,gpt,Q01,factual,1,OK,19.332,0.081638,5,16
C3,rlm,gpt,Q01,factual,2,OK,7.199,0.014833,5,5
C3,rlm,gpt,Q02,factual,1,OK,30.245,0.230695,1,16
C3,rlm,gpt,Q02,factual,2,OK,9.72,0.021858,5,6
C3,rlm,gpt,Q03,factual,1,OK,16.715,0.043927,4,15
C3,rlm,gpt,Q03,factual,2,OK,22.734,0.039227,2,16
C3,rlm,gpt,Q04,factual,1,OK,14.239,0.021267,5,13
C3,rlm,gpt,Q04,factual,2,OK,13.708,0.020841,1,16
C3,rlm,gpt,Q05,factual,1,OK,8.326,0.012436,5,5
C3,rlm,gpt,Q05,factual,2,OK,18.225,0.052871,4,16
C3,rlm,gpt,Q06,factual,1,OK,12.222,0.033058,4,8
C3,rlm,gpt,Q06,factual,2,OK,13.721,0.03584,5,9
C3,rlm,gpt,Q07,factual,1,OK,9.209,0.013978,5,7
C3,rlm,gpt,Q07,factual,2,OK,14.223,0.011986,5,5
C3,rlm,gpt,Q08,factual,1,OK,10.219,0.014388,5,5
C3,rlm,gpt,Q08,factual,2,OK,6.708,0.009692,5,4
C3,rlm,gpt,Q09,factual,1,OK,15.337,0.023461,3,12
C3,rlm,gpt,Q09,factual,2,OK,26.237,0.11491,5,16
C3,rlm,gpt,Q10,factual,1,OK,10.715,0.016612,5,5
C3,rlm,gpt,Q10,factual,2,OK,23.267,0.064608,5,12
C3,rlm,gpt,Q11,factual,1,OK,6.206,0.011179,4,4
C3,rlm,gpt,Q11,factual,2,OK,16.338,0.027698,4,16
C3,rlm,gpt,Q12,factual,1,OK,34.74,0.03325,1,16
C3,rlm,gpt,Q12,factual,2,OK,20.372,0.042181,5,10
C3,rlm,gpt,Q13,factual,1,OK,8.216,0.016542,1,5
C3,rlm,gpt,Q13,factual,2,OK,10.243,0.013888,5,5
C3,rlm,gpt,Q14,factual,1,OK,9.207,0.013865,5,7
C3,rlm,gpt,Q14,factual,2,OK,17.34,0.023517,1,16
C3,rlm,gpt,Q15,factual,1,OK,27.225,0.084714,2,12
C3,rlm,gpt,Q15,factual,2,OK,16.23,0.03572,2,10
C3,rlm,gpt,Q16,factual,1,OK,22.266,0.096224,5,10
C3,rlm,gpt,Q16,factual,2,OK,35.66,0.165482,2,14
C3,rlm,gpt,Q17,comparison,1,OK,21.229,0.026224,4,9
C3,rlm,gpt,Q17,comparison,2,OK,10.708,0.03173,5,6
C3,rlm,gpt,Q18,comparison,1,OK,16.227,0.079001,5,11
C3,rlm,gpt,Q18,comparison,2,OK,12.842,0.024397,2,16
C3,rlm,gpt,Q19,comparison,1,OK,10.362,0.012724,5,5
C3,rlm,gpt,Q19,comparison,2,OK,8.732,0.020449,1,16
C3,rlm,gpt,Q20,comparison,1,OK,9.72,0.017986,4,6
C3,rlm,gpt,Q20,comparison,2,OK,14.723,0.040151,5,9
C3,rlm,gpt,Q21,comparison,1,OK,12.213,0.034687,5,7
C3,rlm,gpt,Q21,comparison,2,OK,9.711,0.030263,5,6
C3,rlm,gpt,Q22,comparison,1,OK,16.73,0.02149,4,16
C3,rlm,gpt,Q22,comparison,2,OK,15.852,0.021884,1,16
C3,rlm,gpt,Q23,comparison,1,OK,9.238,0.018691,5,6
C3,rlm,gpt,Q23,comparison,2,OK,11.858,0.021319,5,6
C3,rlm,gpt,Q24,comparison,1,OK,22.897,0.052869,5,10
C3,rlm,gpt,Q24,comparison,2,OK,13.387,0.042396,4,8
C3,rlm,gpt,Q25,comparison,1,OK,13.336,0.025564,1,16
C3,rlm,gpt,Q25,comparison,2,OK,13.232,0.057295,2,9
C3,rlm,gpt,Q26,comparison,1,OK,19.228,0.135866,4,16
C3,rlm,gpt,Q26,comparison,2,OK,18.365,0.040918,5,9
C3,rlm,gpt,Q27,comparison,1,OK,17.723,0.056308,4,16
C3,rlm,gpt,Q27,comparison,2,OK,16.398,0.047989,3,9
C3,rlm,gpt,Q28,comparison,1,OK,14.728,0.035963,4,11
C3,rlm,gpt,Q28,comparison,2,OK,14.228,0.065499,3,15
C3,rlm,gpt,Q29,comparison,1,OK,18.264,0.064147,5,16
C3,rlm,gpt,Q29,comparison,2,OK,15.787,0.03679,5,15
C3,rlm,gpt,Q30,comparison,1,OK,10.211,0.024421,2,16
C3,rlm,gpt,Q30,comparison,2,OK,10.222,0.020688,1,16
C3,rlm,gpt,Q31,synthesis,1,OK,18.382,0.037532,4,7
C3,rlm,gpt,Q31,synthesis,2,OK,31.942,0.044177,3,10
C3,rlm,gpt,Q32,synthesis,1,OK,28.738,0.094763,5,11
C3,rlm,gpt,Q32,synthesis,2,OK,27.263,0.080563,4,14
C3,rlm,gpt,Q33,synthesis,1,OK,27.915,0.052067,5,8
C3,rlm,gpt,Q33,synthesis,2,OK,23.179,0.024814,4,7
C3,rlm,gpt,Q34,synthesis,1,OK,17.121,0.041729,4,7
C3,rlm,gpt,Q34,synthesis,2,OK,18.727,0.027116,1,16
C3,rlm,gpt,Q35,synthesis,1,OK,24.245,0.048168,5,12
C3,rlm,gpt,Q35,synthesis,2,OK,34.508,0.045996,5,7
C3,rlm,gpt,Q36,synthesis,1,OK,29.436,0.104133,4,16
C3,rlm,gpt,Q36,synthesis,2,OK,32.314,0.11802,4,16
C3,rlm,gpt,Q37,synthesis,1,OK,26.704,0.059323,4,11
C3,rlm,gpt,Q37,synthesis,2,OK,13.74,0.02275,1,16
C3,rlm,gpt,Q38,synthesis,1,OK,22.79,0.047908,4,7
C3,rlm,gpt,Q38,synthesis,2,OK,79.813,0.110295,4,14
C3,rlm,gpt,Q39,synthesis,1,OK,31.356,0.09464,4,10
C3,rlm,gpt,Q39,synthesis,2,OK,21.781,0.039088,4,7
C3,rlm,gpt,Q40,synthesis,1,OK,30.77,0.10577,4,11
C3,rlm,gpt,Q40,synthesis,2,OK,49.026,0.189448,4,16
C4,baseline,gemini,Q01,factual,1,OK,23.092,0.162212,5,
C4,baseline,gemini,Q01,factual,2,OK,3.349,0.162229,5,
C4,baseline,gemini,Q02,factual,1,OK,9.979,0.16247,5,
C4,baseline,gemini,Q02,factual,2,OK,10.001,0.16235,5,
C4,baseline,gemini,Q03,factual,1,OK,9.169,0.162582,5,
C4,baseline,gemini,Q03,factual,2,OK,10.046,0.162479,5,
C4,baseline,gemini,Q04,factual,1,OK,7.711,0.16226,5,
C4,baseline,gemini,Q04,factual,2,OK,4.834,0.162202,5,
C4,baseline,gemini,Q05,factual,1,OK,8.603,0.162305,5,
C4,baseline,gemini,Q05,factual,2,OK,4.788,0.162406,5,
C4,baseline,gemini,Q06,factual,1,OK,12.271,0.162827,5,
C4,baseline,gemini,Q06,factual,2,OK,4.253,0.162897,5,
C4,baseline,gemini,Q07,factual,1,OK,10.42,0.162694,4,
C4,baseline,gemini,Q07,factual,2,OK,6.016,0.162614,4,
C4,baseline,gemini,Q08,factual,1,OK,10.263,0.162083,4,
C4,baseline,gemini,Q08,factual,2,OK,10.344,0.162088,5,
C4,baseline,gemini,Q09,factual,1,OK,9.393,0.162304,5,
C4,baseline,gemini,Q09,factual,2,OK,4.51,0.162259,5,
C4,baseline,gemini,Q10,factual,1,OK,8.567,0.162191,5,
C4,baseline,gemini,Q10,factual,2,OK,8.932,0.162129,5,
C4,baseline,gemini,Q11,factual,1,OK,13.805,0.162583,5,
C4,baseline,gemini,Q11,factual,2,OK,10.225,0.162761,5,
C4,baseline,gemini,Q12,factual,1,OK,9.961,0.162296,5,
C4,baseline,gemini,Q12,factual,2,OK,8.083,0.162401,5,
C4,baseline,gemini,Q13,factual,1,OK,10.679,0.162177,2,
C4,baseline,gemini,Q13,factual,2,OK,5.203,0.16219,5,
C4,baseline,gemini,Q14,factual,1,OK,8.825,0.162184,5,
C4,baseline,gemini,Q14,factual,2,OK,3.255,0.162411,5,
C4,baseline,gemini,Q15,factual,1,OK,36.793,0.164934,4,
C4,baseline,gemini,Q15,factual,2,OK,19.737,0.164371,4,
C4,baseline,gemini,Q16,factual,1,OK,10.781,0.16236,5,
C4,baseline,gemini,Q16,factual,2,OK,9.04,0.162273,5,
C4,baseline,gemini,Q17,comparison,1,OK,20.556,0.164168,5,
C4,baseline,gemini,Q17,comparison,2,OK,14.679,0.16348,5,
C4,baseline,gemini,Q18,comparison,1,OK,17.694,0.16396,5,
C4,baseline,gemini,Q18,comparison,2,OK,12.025,0.16437,5,
C4,baseline,gemini,Q19,comparison,1,OK,20.946,0.164795,5,
C4,baseline,gemini,Q19,comparison,2,OK,11.898,0.16398,5,
C4,baseline,gemini,Q20,comparison,1,OK,12.587,0.162895,4,
C4,baseline,gemini,Q20,comparison,2,OK,25.017,0.163758,4,
C4,baseline,gemini,Q21,comparison,1,OK,12.813,0.162972,5,
C4,baseline,gemini,Q21,comparison,2,OK,14.912,0.163992,5,
C4,baseline,gemini,Q22,comparison,1,OK,16.657,0.163686,4,
C4,baseline,gemini,Q22,comparison,2,OK,11.752,0.163583,4,
C4,baseline,gemini,Q23,comparison,1,OK,34.232,0.164205,5,
C4,baseline,gemini,Q23,comparison,2,OK,15.221,0.16484,4,
C4,baseline,gemini,Q24,comparison,1,OK,34.5,0.16356,5,
C4,baseline,gemini,Q24,comparison,2,OK,14.117,0.164317,4,
C4,baseline,gemini,Q25,comparison,1,OK,25.21,0.162919,4,
C4,baseline,gemini,Q25,comparison,2,OK,21.901,0.162884,4,
C4,baseline,gemini,Q26,comparison,1,OK,44.25,0.162937,5,
C4,baseline,gemini,Q26,comparison,2,OK,6.814,0.162837,5,
C4,baseline,gemini,Q27,comparison,1,OK,11.193,0.162992,5,
C4,baseline,gemini,Q27,comparison,2,OK,7.169,0.163089,5,
C4,baseline,gemini,Q28,comparison,1,OK,18.505,0.163005,4,
C4,baseline,gemini,Q28,comparison,2,OK,14.587,0.163213,4,
C4,baseline,gemini,Q29,comparison,1,OK,15.426,0.16321,5,
C4,baseline,gemini,Q29,comparison,2,OK,13.684,0.163118,5,
C4,baseline,gemini,Q30,comparison,1,OK,12.691,0.163142,4,
C4,baseline,gemini,Q30,comparison,2,OK,7.016,0.163802,5,
C4,baseline,gemini,Q31,synthesis,1,OK,44.899,0.165197,4,
C4,baseline,gemini,Q31,synthesis,2,OK,61.306,0.16769,4,
C4,baseline,gemini,Q32,synthesis,1,OK,98.011,0.16976,4,
C4,baseline,gemini,Q32,synthesis,2,OK,93.645,0.170867,4,
C4,baseline,gemini,Q33,synthesis,1,OK,48.652,0.165575,4,
C4,baseline,gemini,Q33,synthesis,2,OK,99.965,0.167705,5,
C4,baseline,gemini,Q34,synthesis,1,OK,51.5,0.166704,4,
C4,baseline,gemini,Q34,synthesis,2,OK,39.223,0.168776,4,
C4,baseline,gemini,Q35,synthesis,1,OK,57.358,0.166218,4,
C4,baseline,gemini,Q35,synthesis,2,OK,79.005,0.168186,4,
C4,baseline,gemini,Q36,synthesis,1,OK,67.391,0.166002,4,
C4,baseline,gemini,Q36,synthesis,2,OK,59.984,0.166472,5,
C4,baseline,gemini,Q37,synthesis,1,OK,88.742,0.165978,5,
C4,baseline,gemini,Q37,synthesis,2,OK,55.841,0.165513,4,
C4,baseline,gemini,Q38,synthesis,1,OK,63.809,0.166382,4,
C4,baseline,gemini,Q38,synthesis,2,OK,67.506,0.166722,4,
C4,baseline,gemini,Q39,synthesis,1,OK,117.628,0.168076,4,
C4,baseline,gemini,Q39,synthesis,2,OK,96.371,0.170526,4,
C4,baseline,gemini,Q40,synthesis,1,OK,112.151,0.175439,4,
C4,baseline,gemini,Q40,synthesis,2,OK,110.314,0.167697,3,
C4,baseline,,Q01,,1,SKIPPED_CONTEXT_LIMIT,,,,
C4,baseline,,Q01,,2,SKIPPED_CONTEXT_LIMIT,,,,
C4,baseline,,Q02,,1,SKIPPED_CONTEXT_LIMIT,,,,
C4,baseline,,Q02,,2,SKIPPED_CONTEXT_LIMIT,,,,
C4,baseline,,Q03,,1,SKIPPED_CONTEXT_LIMIT,,,,
C4,baseline,,Q03,,2,SKIPPED_CONTEXT_LIMIT,,,,
C4,baseline,,Q04,,1,SKIPPED_CONTEXT_LIMIT,,,,
C4,baseline,,Q04,,2,SKIPPED_CONTEXT_LIMIT,,,,
C4,baseline,,Q05,,1,SKIPPED_CONTEXT_LIMIT,,,,
C4,baseline,,Q05,,2,SKIPPED_CONTEXT_LIMIT,,,,
C4,baseline,,Q06,,1,SKIPPED_CONTEXT_LIMIT,,,,
C4,baseline,,Q06,,2,SKIPPED_CONTEXT_LIMIT,,,,
C4,baseline,,Q07,,1,SKIPPED_CONTEXT_LIMIT,,,,
C4,baseline,,Q07,,2,SKIPPED_CONTEXT_LIMIT,,,,
C4,baseline,,Q08,,1,SKIPPED_CONTEXT_LIMIT,,,,
C4,baseline,,Q08,,2,SKIPPED_CONTEXT_LIMIT,,,,
C4,baseline,,Q09,,1,SKIPPED_CONTEXT_LIMIT,,,,
C4,baseline,,Q09,,2,SKIPPED_CONTEXT_LIMIT,,,,
C4,baseline,,Q10,,1,SKIPPED_CONTEXT_LIMIT,,,,
C4,baseline,,Q10,,2,SKIPPED_CONTEXT_LIMIT,,,,
C4,baseline,,Q11,,1,SKIPPED_CONTEXT_LIMIT,,,,
C4,baseline,,Q11,,2,SKIPPED_CONTEXT_LIMIT,,,,
C4,baseline,,Q12,,1,SKIPPED_CONTEXT_LIMIT,,,,
C4,baseline,,Q12,,2,SKIPPED_CONTEXT_LIMIT,,,,
C4,baseline,,Q13,,1,SKIPPED_CONTEXT_LIMIT,,,,
C4,baseline,,Q13,,2,SKIPPED_CONTEXT_LIMIT,,,,
C4,baseline,,Q14,,1,SKIPPED_CONTEXT_LIMIT,,,,
C4,baseline,,Q14,,2,SKIPPED_CONTEXT_LIMIT,,,,
C4,baseline,,Q15,,1,SKIPPED_CONTEXT_LIMIT,,,,
C4,baseline,,Q15,,2,SKIPPED_CONTEXT_LIMIT,,,,
C4,baseline,,Q16,,1,SKIPPED_CONTEXT_LIMIT,,,,
C4,baseline,,Q16,,2,SKIPPED_CONTEXT_LIMIT,,,,
C4,baseline,,Q17,,1,SKIPPED_CONTEXT_LIMIT,,,,
C4,baseline,,Q17,,2,SKIPPED_CONTEXT_LIMIT,,,,
C4,baseline,,Q18,,1,SKIPPED_CONTEXT_LIMIT,,,,
C4,baseline,,Q18,,2,SKIPPED_CONTEXT_LIMIT,,,,
C4,baseline,,Q19,,1,SKIPPED_CONTEXT_LIMIT,,,,
C4,baseline,,Q19,,2,SKIPPED_CONTEXT_LIMIT,,,,
C4,baseline,,Q20,,1,SKIPPED_CONTEXT_LIMIT,,,,
C4,baseline,,Q20,,2,SKIPPED_CONTEXT_LIMIT,,,,
C4,baseline,,Q21,,1,SKIPPED_CONTEXT_LIMIT,,,,
C4,baseline,,Q21,,2,SKIPPED_CONTEXT_LIMIT,,,,
C4,baseline,,Q22,,1,SKIPPED_CONTEXT_LIMIT,,,,
C4,baseline,,Q22,,2,SKIPPED_CONTEXT_LIMIT,,,,
C4,baseline,,Q23,,1,SKIPPED_CONTEXT_LIMIT,,,,
C4,baseline,,Q23,,2,SKIPPED_CONTEXT_LIMIT,,,,
C4,baseline,,Q24,,1,SKIPPED_CONTEXT_LIMIT,,,,
C4,baseline,,Q24,,2,SKIPPED_CONTEXT_LIMIT,,,,
C4,baseline,,Q25,,1,SKIPPED_CONTEXT_LIMIT,,,,
C4,baseline,,Q25,,2,SKIPPED_CONTEXT_LIMIT,,,,
C4,baseline,,Q26,,1,SKIPPED_CONTEXT_LIMIT,,,,
C4,baseline,,Q26,,2,SKIPPED_CONTEXT_LIMIT,,,,
C4,baseline,,Q27,,1,SKIPPED_CONTEXT_LIMIT,,,,
C4,baseline,,Q27,,2,SKIPPED_CONTEXT_LIMIT,,,,
C4,baseline,,Q28,,1,SKIPPED_CONTEXT_LIMIT,,,,
C4,baseline,,Q28,,2,SKIPPED_CONTEXT_LIMIT,,,,
C4,baseline,,Q29,,1,SKIPPED_CONTEXT_LIMIT,,,,
C4,baseline,,Q29,,2,SKIPPED_CONTEXT_LIMIT,,,,
C4,baseline,,Q30,,1,SKIPPED_CONTEXT_LIMIT,,,,
C4,baseline,,Q30,,2,SKIPPED_CONTEXT_LIMIT,,,,
C4,baseline,,Q31,,1,SKIPPED_CONTEXT_LIMIT,,,,
C4,baseline,,Q31,,2,SKIPPED_CONTEXT_LIMIT,,,,
C4,baseline,,Q32,,1,SKIPPED_CONTEXT_LIMIT,,,,
C4,baseline,,Q32,,2,SKIPPED_CONTEXT_LIMIT,,,,
C4,baseline,,Q33,,1,SKIPPED_CONTEXT_LIMIT,,,,
C4,baseline,,Q33,,2,SKIPPED_CONTEXT_LIMIT,,,,
C4,baseline,,Q34,,1,SKIPPED_CONTEXT_LIMIT,,,,
C4,baseline,,Q34,,2,SKIPPED_CONTEXT_LIMIT,,,,
C4,baseline,,Q35,,1,SKIPPED_CONTEXT_LIMIT,,,,
C4,baseline,,Q35,,2,SKIPPED_CONTEXT_LIMIT,,,,
C4,baseline,,Q36,,1,SKIPPED_CONTEXT_LIMIT,,,,
C4,baseline,,Q36,,2,SKIPPED_CONTEXT_LIMIT,,,,
C4,baseline,,Q37,,1,SKIPPED_CONTEXT_LIMIT,,,,
C4,baseline,,Q37,,2,SKIPPED_CONTEXT_LIMIT,,,,
C4,baseline,,Q38,,1,SKIPPED_CONTEXT_LIMIT,,,,
C4,baseline,,Q38,,2,SKIPPED_CONTEXT_LIMIT,,,,
C4,baseline,,Q39,,1,SKIPPED_CONTEXT_LIMIT,,,,
C4,baseline,,Q39,,2,SKIPPED_CONTEXT_LIMIT,,,,
C4,baseline,,Q40,,1,SKIPPED_CONTEXT_LIMIT,,,,
C4,baseline,,Q40,,2,SKIPPED_CONTEXT_LIMIT,,,,
C4,rag,gemini,Q01,factual,1,OK,1.758,0.000892,5,
C4,rag,gemini,Q01,factual,2,OK,1.434,0.000892,5,
C4,rag,gemini,Q02,factual,1,OK,3.371,0.00088,2,
C4,rag,gemini,Q02,factual,2,OK,3.353,0.00088,2,
C4,rag,gemini,Q03,factual,1,OK,7.104,0.001106,3,
C4,rag,gemini,Q03,factual,2,OK,5.33,0.000886,2,
C4,rag,gemini,Q04,factual,1,OK,2.24,0.000933,5,
C4,rag,gemini,Q04,factual,2,OK,2.437,0.000861,5,
C4,rag,gemini,Q05,factual,1,OK,2.138,0.000762,5,
C4,rag,gemini,Q05,factual,2,OK,2.234,0.000762,5,
C4,rag,gemini,Q06,factual,1,OK,5.654,0.001346,5,
C4,rag,gemini,Q06,factual,2,OK,5.529,0.001301,5,
C4,rag,gemini,Q07,factual,1,OK,4.085,0.00117,4,
C4,rag,gemini,Q07,factual,2,OK,3.937,0.00117,4,
C4,rag,gemini,Q08,factual,1,OK,1.668,0.000853,5,
C4,rag,gemini,Q08,factual,2,OK,1.676,0.000853,5,
C4,rag,gemini,Q09,factual,1,OK,2.079,0.001033,5,
C4,rag,gemini,Q09,factual,2,OK,2.255,0.001033,5,
C4,rag,gemini,Q10,factual,1,OK,1.443,0.000849,5,
C4,rag,gemini,Q10,factual,2,OK,1.473,0.000849,5,
C4,rag,gemini,Q11,factual,1,OK,1.67,0.001102,5,
C4,rag,gemini,Q11,factual,2,OK,1.672,0.001104,5,
C4,rag,gemini,Q12,factual,1,OK,2.989,0.001312,5,
C4,rag,gemini,Q12,factual,2,OK,2.936,0.001312,5,
C4,rag,gemini,Q13,factual,1,OK,1.873,0.000879,5,
C4,rag,gemini,Q13,factual,2,OK,2.113,0.000857,5,
C4,rag,gemini,Q14,factual,1,OK,1.714,0.000821,5,
C4,rag,gemini,Q14,factual,2,OK,1.91,0.000821,5,
C4,rag,gemini,Q15,factual,1,OK,4.324,0.001027,5,
C4,rag,gemini,Q15,factual,2,OK,3.752,0.001039,5,
C4,rag,gemini,Q16,factual,1,OK,3.782,0.001019,1,
C4,rag,gemini,Q16,factual,2,OK,3.711,0.001019,1,
C4,rag,gemini,Q17,comparison,1,OK,3.533,0.001037,2,
C4,rag,gemini,Q17,comparison,2,OK,3.085,0.001122,2,
C4,rag,gemini,Q18,comparison,1,OK,3.482,0.001045,2,
C4,rag,gemini,Q18,comparison,2,OK,3.078,0.00108,2,
C4,rag,gemini,Q19,comparison,1,OK,5.461,0.001218,2,
C4,rag,gemini,Q19,comparison,2,OK,6.231,0.001218,2,
C4,rag,gemini,Q20,comparison,1,OK,5.414,0.001211,2,
C4,rag,gemini,Q20,comparison,2,OK,4.962,0.001211,2,
C4,rag,gemini,Q21,comparison,1,OK,6.049,0.001147,3,
C4,rag,gemini,Q21,comparison,2,OK,6.274,0.001147,3,
C4,rag,gemini,Q22,comparison,1,OK,7.015,0.001153,2,
C4,rag,gemini,Q22,comparison,2,OK,3.798,0.001143,2,
C4,rag,gemini,Q23,comparison,1,OK,4.164,0.001381,3,
C4,rag,gemini,Q23,comparison,2,OK,3.351,0.001036,2,
C4,rag,gemini,Q24,comparison,1,OK,8.555,0.001154,4,
C4,rag,gemini,Q24,comparison,2,OK,5.935,0.001137,3,
C4,rag,gemini,Q25,comparison,1,OK,4.234,0.00107,2,
C4,rag,gemini,Q25,comparison,2,OK,3.977,0.001068,2,
C4,rag,gemini,Q26,comparison,1,OK,4.818,0.001214,2,
C4,rag,gemini,Q26,comparison,2,OK,4.334,0.001214,2,
C4,rag,gemini,Q27,comparison,1,OK,7.753,0.001525,2,
C4,rag,gemini,Q27,comparison,2,OK,7.401,0.001525,2,
C4,rag,gemini,Q28,comparison,1,OK,5.022,0.000983,3,
C4,rag,gemini,Q28,comparison,2,OK,4.602,0.000983,3,
C4,rag,gemini,Q29,comparison,1,OK,4.2,0.001198,4,
C4,rag,gemini,Q29,comparison,2,OK,4.028,0.001198,4,
C4,rag,gemini,Q30,comparison,1,OK,4.107,0.001147,2,
C4,rag,gemini,Q30,comparison,2,OK,4.24,0.001147,2,
C4,rag,gemini,Q31,synthesis,1,OK,4.442,0.000807,1,
C4,rag,gemini,Q31,synthesis,2,OK,3.972,0.001012,1,
C4,rag,gemini,Q32,synthesis,1,OK,7.073,0.000902,2,
C4,rag,gemini,Q32,synthesis,2,OK,9.509,0.000694,2,
C4,rag,gemini,Q33,synthesis,1,OK,7.343,0.001102,2,
C4,rag,gemini,Q33,synthesis,2,OK,6.103,0.00086,2,
C4,rag,gemini,Q34,synthesis,1,OK,5.96,0.000891,2,
C4,rag,gemini,Q34,synthesis,2,OK,6.235,0.000901,2,
C4,rag,gemini,Q35,synthesis,1,OK,9.644,0.001209,2,
C4,rag,gemini,Q35,synthesis,2,OK,10.066,0.001259,2,
C4,rag,gemini,Q36,synthesis,1,OK,9.295,0.001255,4,
C4,rag,gemini,Q36,synthesis,2,OK,8.858,0.001255,4,
C4,rag,gemini,Q37,synthesis,1,OK,16.072,0.000833,2,
C4,rag,gemini,Q37,synthesis,2,OK,5.651,0.000833,2,
C4,rag,gemini,Q38,synthesis,1,OK,4.046,0.000923,2,
C4,rag,gemini,Q38,synthesis,2,OK,3.836,0.000923,2,
C4,rag,gemini,Q39,synthesis,1,OK,24.54,0.001378,2,
C4,rag,gemini,Q39,synthesis,2,OK,7.407,0.001405,2,
C4,rag,gemini,Q40,synthesis,1,OK,8.196,0.001284,2,
C4,rag,gemini,Q40,synthesis,2,OK,8.141,0.001284,2,
C4,rag,gpt,Q01,factual,1,OK,1.05,0.002124,5,
C4,rag,gpt,Q01,factual,2,OK,0.826,0.002097,5,
C4,rag,gpt,Q02,factual,1,OK,1.261,0.002252,1,
C4,rag,gpt,Q02,factual,2,OK,1.341,0.002288,2,
C4,rag,gpt,Q03,factual,1,OK,2.628,0.002243,2,
C4,rag,gpt,Q03,factual,2,OK,1.383,0.00236,2,
C4,rag,gpt,Q04,factual,1,OK,0.894,0.00198,4,
C4,rag,gpt,Q04,factual,2,OK,0.971,0.001935,5,
C4,rag,gpt,Q05,factual,1,OK,1.128,0.001684,5,
C4,rag,gpt,Q05,factual,2,OK,1.37,0.001697,5,
C4,rag,gpt,Q06,factual,1,OK,1.922,0.002543,4,
C4,rag,gpt,Q06,factual,2,OK,1.582,0.002485,4,
C4,rag,gpt,Q07,factual,1,OK,1.342,0.002326,5,
C4,rag,gpt,Q07,factual,2,OK,1.475,0.00229,4,
C4,rag,gpt,Q08,factual,1,OK,0.838,0.001951,5,
C4,rag,gpt,Q08,factual,2,OK,0.7,0.001951,5,
C4,rag,gpt,Q09,factual,1,OK,1.115,0.002152,5,
C4,rag,gpt,Q09,factual,2,OK,0.923,0.002084,5,
C4,rag,gpt,Q10,factual,1,OK,0.761,0.001983,5,
C4,rag,gpt,Q10,factual,2,OK,0.952,0.001983,5,
C4,rag,gpt,Q11,factual,1,OK,1.471,0.002327,5,
C4,rag,gpt,Q11,factual,2,OK,1.266,0.002341,5,
C4,rag,gpt,Q12,factual,1,OK,1.396,0.002674,5,
C4,rag,gpt,Q12,factual,2,OK,1.552,0.002602,5,
C4,rag,gpt,Q13,factual,1,OK,0.761,0.001973,5,
C4,rag,gpt,Q13,factual,2,OK,0.814,0.001901,5,
C4,rag,gpt,Q14,factual,1,OK,0.926,0.001941,5,
C4,rag,gpt,Q14,factual,2,OK,1.386,0.001941,5,
C4,rag,gpt,Q15,factual,1,OK,1.645,0.002429,5,
C4,rag,gpt,Q15,factual,2,OK,1.549,0.002501,4,
C4,rag,gpt,Q16,factual,1,OK,1.148,0.002288,1,
C4,rag,gpt,Q16,factual,2,OK,1.101,0.002256,1,
C4,rag,gpt,Q17,comparison,1,OK,1.911,0.002545,5,
C4,rag,gpt,Q17,comparison,2,OK,1.718,0.002599,5,
C4,rag,gpt,Q18,comparison,1,OK,1.767,0.002681,5,
C4,rag,gpt,Q18,comparison,2,OK,1.813,0.002712,5,
C4,rag,gpt,Q19,comparison,1,OK,3.755,0.00338,5,
C4,rag,gpt,Q19,comparison,2,OK,2.658,0.002961,5,
C4,rag,gpt,Q20,comparison,1,OK,2.545,0.00299,5,
C4,rag,gpt,Q20,comparison,2,OK,2.429,0.002702,4,
C4,rag,gpt,Q21,comparison,1,OK,1.934,0.002797,5,
C4,rag,gpt,Q21,comparison,2,OK,2.031,0.002815,5,
C4,rag,gpt,Q22,comparison,1,OK,1.547,0.002407,5,
C4,rag,gpt,Q22,comparison,2,OK,1.308,0.002308,5,
C4,rag,gpt,Q23,comparison,1,OK,1.9,0.002952,5,
C4,rag,gpt,Q23,comparison,2,OK,2.57,0.003236,5,
C4,rag,gpt,Q24,comparison,1,OK,3.29,0.003364,4,
C4,rag,gpt,Q24,comparison,2,OK,1.913,0.002842,4,
C4,rag,gpt,Q25,comparison,1,OK,1.31,0.00239,4,
C4,rag,gpt,Q25,comparison,2,OK,2.991,0.002426,4,
C4,rag,gpt,Q26,comparison,1,OK,1.814,0.002449,4,
C4,rag,gpt,Q26,comparison,2,OK,2.176,0.002494,4,
C4,rag,gpt,Q27,comparison,1,OK,2.153,0.003057,2,
C4,rag,gpt,Q27,comparison,2,OK,2.87,0.002832,2,
C4,rag,gpt,Q28,comparison,1,OK,1.18,0.002266,4,
C4,rag,gpt,Q28,comparison,2,OK,1.261,0.00228,4,
C4,rag,gpt,Q29,comparison,1,OK,1.76,0.002743,2,
C4,rag,gpt,Q29,comparison,2,OK,1.881,0.002829,2,
C4,rag,gpt,Q30,comparison,1,OK,2.096,0.002535,4,
C4,rag,gpt,Q30,comparison,2,OK,1.806,0.002773,4,
C4,rag,gpt,Q31,synthesis,1,OK,3.817,0.002945,3,
C4,rag,gpt,Q31,synthesis,2,OK,3.933,0.003269,2,
C4,rag,gpt,Q32,synthesis,1,OK,4.016,0.002713,4,
C4,rag,gpt,Q32,synthesis,2,OK,3.807,0.002686,3,
C4,rag,gpt,Q33,synthesis,1,OK,3.626,0.003048,4,
C4,rag,gpt,Q33,synthesis,2,OK,2.992,0.002679,4,
C4,rag,gpt,Q34,synthesis,1,OK,3.775,0.003319,4,
C4,rag,gpt,Q34,synthesis,2,OK,3.375,0.003071,4,
C4,rag,gpt,Q35,synthesis,1,OK,2.398,0.002536,3,
C4,rag,gpt,Q35,synthesis,2,OK,2.332,0.002401,2,
C4,rag,gpt,Q36,synthesis,1,OK,2.72,0.002696,4,
C4,rag,gpt,Q36,synthesis,2,OK,3.099,0.002548,4,
C4,rag,gpt,Q37,synthesis,1,OK,3.05,0.002786,4,
C4,rag,gpt,Q37,synthesis,2,OK,2.875,0.002687,4,
C4,rag,gpt,Q38,synthesis,1,OK,3.699,0.002832,4,
C4,rag,gpt,Q38,synthesis,2,OK,4.134,0.003057,4,
C4,rag,gpt,Q39,synthesis,1,OK,11.865,0.002609,2,
C4,rag,gpt,Q39,synthesis,2,OK,3.465,0.002902,2,
C4,rag,gpt,Q40,synthesis,1,OK,4.711,0.003763,4,
C4,rag,gpt,Q40,synthesis,2,OK,3.879,0.00307,3,
C4,rlm,gemini,Q01,factual,1,OK,40.509,0.011768,5,9
C4,rlm,gemini,Q01,factual,2,OK,32.226,0.022278,5,8
C4,rlm,gemini,Q02,factual,1,OK,64.456,0.015675,2,10
C4,rlm,gemini,Q02,factual,2,OK,64.958,0.013041,5,7
C4,rlm,gemini,Q03,factual,1,OK,8.869,0.002269,2,3
C4,rlm,gemini,Q03,factual,2,OK,9.468,0.003266,1,4
C4,rlm,gemini,Q04,factual,1,OK,21.699,0.004886,1,4
C4,rlm,gemini,Q04,factual,2,OK,26.484,0.003623,1,3
C4,rlm,gemini,Q05,factual,1,OK,11.254,0.002986,1,3
C4,rlm,gemini,Q05,factual,2,OK,7.819,0.004452,2,4
C4,rlm,gemini,Q06,factual,1,OK,14.116,0.00358,4,3
C4,rlm,gemini,Q06,factual,2,OK,30.688,0.00546,2,5
C4,rlm,gemini,Q07,factual,1,OK,26.308,0.009615,4,6
C4,rlm,gemini,Q07,factual,2,OK,16.192,0.00351,1,3
C4,rlm,gemini,Q08,factual,1,OK,38.972,0.006566,5,7
C4,rlm,gemini,Q08,factual,2,OK,8.499,0.002138,1,3
C4,rlm,gemini,Q09,factual,1,OK,16.329,0.00341,1,4
C4,rlm,gemini,Q09,factual,2,OK,13.905,0.00431,5,5
C4,rlm,gemini,Q10,factual,1,OK,51.468,0.018247,1,9
C4,rlm,gemini,Q10,factual,2,OK,15.488,0.003353,1,3
C4,rlm,gemini,Q11,factual,1,OK,213.377,0.021119,4,7
C4,rlm,gemini,Q11,factual,2,OK,19.667,0.006775,4,3
C4,rlm,gemini,Q12,factual,1,OK,13.803,0.004046,5,4
C4,rlm,gemini,Q12,factual,2,OK,12.529,0.004037,5,4
C4,rlm,gemini,Q13,factual,1,OK,153.451,0.017892,2,10
C4,rlm,gemini,Q13,factual,2,OK,33.644,0.002463,1,2
C4,rlm,gemini,Q14,factual,1,OK,256.219,0.016752,5,7
C4,rlm,gemini,Q14,factual,2,OK,19.226,0.005422,2,5
C4,rlm,gemini,Q15,factual,1,OK,85.601,0.024225,1,10
C4,rlm,gemini,Q15,factual,2,OK,42.132,0.011853,1,7
C4,rlm,gemini,Q16,factual,1,OK,53.556,0.013407,1,8
C4,rlm,gemini,Q16,factual,2,OK,90.161,0.033195,1,11
C4,rlm,gemini,Q17,comparison,1,OK,12.148,0.005113,4,4
C4,rlm,gemini,Q17,comparison,2,OK,31.177,0.014426,2,6
C4,rlm,gemini,Q18,comparison,1,OK,76.924,0.012713,4,7
C4,rlm,gemini,Q18,comparison,2,OK,44.826,0.00941,2,7
C4,rlm,gemini,Q19,comparison,1,OK,26.587,0.006628,5,4
C4,rlm,gemini,Q19,comparison,2,OK,24.049,0.004253,4,4
C4,rlm,gemini,Q20,comparison,1,OK,53.917,0.026463,4,10
C4,rlm,gemini,Q20,comparison,2,OK,592.757,0.029655,2,10
C4,rlm,gemini,Q21,comparison,1,OK,196.967,0.011574,4,6
C4,rlm,gemini,Q21,comparison,2,OK,107.045,0.019,4,6
C4,rlm,gemini,Q22,comparison,1,OK,74.213,0.03765,3,12
C4,rlm,gemini,Q22,comparison,2,OK,119.879,0.019158,2,9
C4,rlm,gemini,Q23,comparison,1,OK,22.097,0.006272,2,5
C4,rlm,gemini,Q23,comparison,2,OK,23.43,0.005436,2,5
C4,rlm,gemini,Q24,comparison,1,OK,44.257,0.017044,4,6
C4,rlm,gemini,Q24,comparison,2,OK,738.962,0.037121,2,10
C4,rlm,gemini,Q25,comparison,1,OK,46.96,0.014901,2,10
C4,rlm,gemini,Q25,comparison,2,OK,13.212,0.005417,2,5
C4,rlm,gemini,Q26,comparison,1,OK,44.109,0.010676,4,8
C4,rlm,gemini,Q26,comparison,2,OK,378.402,0.065217,2,14
C4,rlm,gemini,Q27,comparison,1,OK,114.305,0.054532,2,13
C4,rlm,gemini,Q27,comparison,2,OK,21.855,0.004722,2,4
C4,rlm,gemini,Q28,comparison,1,OK,64.403,0.00323,2,3
C4,rlm,gemini,Q28,comparison,2,OK,63.907,0.022296,2,12
C4,rlm,gemini,Q29,comparison,1,OK,64.82,0.013221,2,9
C4,rlm,gemini,Q29,comparison,2,OK,30.838,0.008293,2,5
C4,rlm,gemini,Q30,comparison,1,OK,21.588,0.004704,2,4
C4,rlm,gemini,Q30,comparison,2,OK,43.058,0.00964,4,7
C4,rlm,gemini,Q31,synthesis,1,OK,46.408,0.005963,2,5
C4,rlm,gemini,Q31,synthesis,2,OK,70.97,0.010169,4,7
C4,rlm,gemini,Q32,synthesis,1,OK,70.638,0.010267,4,6
C4,rlm,gemini,Q32,synthesis,2,OK,123.216,0.013855,2,7
C4,rlm,gemini,Q33,synthesis,1,OK,102.445,0.008079,4,5
C4,rlm,gemini,Q33,synthesis,2,OK,38.342,0.005711,4,4
C4,rlm,gemini,Q34,synthesis,1,OK,59.857,0.00663,4,5
C4,rlm,gemini,Q34,synthesis,2,OK,43.31,0.005894,2,5
C4,rlm,gemini,Q35,synthesis,1,OK,44.599,0.005249,4,4
C4,rlm,gemini,Q35,synthesis,2,OK,29.712,0.007179,1,4
C4,rlm,gemini,Q36,synthesis,1,OK,209.875,0.007473,4,6
C4,rlm,gemini,Q36,synthesis,2,OK,56.414,0.012061,4,5
C4,rlm,gemini,Q37,synthesis,1,OK,52.292,0.010035,4,6
C4,rlm,gemini,Q37,synthesis,2,OK,118.618,0.017972,4,5
C4,rlm,gemini,Q38,synthesis,1,OK,60.597,0.031604,2,8
C4,rlm,gemini,Q38,synthesis,2,OK,58.62,0.008105,4,4
C4,rlm,gemini,Q39,synthesis,1,OK,87.692,0.008853,2,5
C4,rlm,gemini,Q39,synthesis,2,OK,35.457,0.00859,2,5
C4,rlm,gemini,Q40,synthesis,1,OK,66.932,0.017501,1,9
C4,rlm,gemini,Q40,synthesis,2,OK,112.678,0.024781,3,7
C4,rlm,gpt,Q01,factual,1,OK,19.255,0.089248,5,16
C4,rlm,gpt,Q01,factual,2,OK,9.827,0.018254,5,6
C4,rlm,gpt,Q02,factual,1,OK,16.785,0.11003,5,16
C4,rlm,gpt,Q02,factual,2,OK,30.759,0.066807,5,11
C4,rlm,gpt,Q03,factual,1,OK,20.222,0.037919,4,11
C4,rlm,gpt,Q03,factual,2,OK,15.716,0.02298,2,16
C4,rlm,gpt,Q04,factual,1,OK,20.722,0.034666,5,16
C4,rlm,gpt,Q04,factual,2,OK,10.72,0.015328,5,8
C4,rlm,gpt,Q05,factual,1,OK,16.711,0.020063,2,16
C4,rlm,gpt,Q05,factual,2,OK,9.233,0.011238,4,5
C4,rlm,gpt,Q06,factual,1,OK,20.731,0.053726,4,16
C4,rlm,gpt,Q06,factual,2,OK,21.727,0.09452,5,16
C4,rlm,gpt,Q07,factual,1,OK,11.756,0.014776,4,5
C4,rlm,gpt,Q07,factual,2,OK,24.783,0.021323,4,7
C4,rlm,gpt,Q08,factual,1,OK,12.204,0.017323,5,7
C4,rlm,gpt,Q08,factual,2,OK,10.718,0.021054,5,7
C4,rlm,gpt,Q09,factual,1,OK,11.206,0.022375,5,7
C4,rlm,gpt,Q09,factual,2,OK,13.21,0.025289,5,9
C4,rlm,gpt,Q10,factual,1,OK,12.738,0.024721,5,10
C4,rlm,gpt,Q10,factual,2,OK,12.728,0.020267,1,16
C4,rlm,gpt,Q11,factual,1,OK,25.279,0.016044,4,7
C4,rlm,gpt,Q11,factual,2,OK,18.217,0.068226,4,16
C4,rlm,gpt,Q12,factual,1,OK,7.708,0.012591,5,5
C4,rlm,gpt,Q12,factual,2,OK,16.716,0.045269,5,9
C4,rlm,gpt,Q13,factual,1,OK,19.742,0.039784,1,14
C4,rlm,gpt,Q13,factual,2,OK,19.335,0.021927,1,16
C4,rlm,gpt,Q14,factual,1,OK,10.205,0.011399,5,5
C4,rlm,gpt,Q14,factual,2,OK,9.753,0.019436,5,5
C4,rlm,gpt,Q15,factual,1,OK,20.25,0.035555,3,8
C4,rlm,gpt,Q15,factual,2,OK,24.388,0.083617,2,11
C4,rlm,gpt,Q16,factual,1,OK,23.367,0.081499,5,13
C4,rlm,gpt,Q16,factual,2,OK,30.856,0.121555,2,16
C4,rlm,gpt,Q17,comparison,1,OK,13.402,0.025298,5,11
C4,rlm,gpt,Q17,comparison,2,OK,11.232,0.025412,1,16
C4,rlm,gpt,Q18,comparison,1,OK,10.338,0.03018,5,5
C4,rlm,gpt,Q18,comparison,2,OK,13.738,0.044073,5,10
C4,rlm,gpt,Q19,comparison,1,OK,11.23,0.020748,1,16
C4,rlm,gpt,Q19,comparison,2,OK,12.728,0.027497,5,6
C4,rlm,gpt,Q20,comparison,1,OK,16.721,0.036604,5,8
C4,rlm,gpt,Q20,comparison,2,OK,11.215,0.021046,1,16
C4,rlm,gpt,Q21,comparison,1,OK,17.229,0.019797,5,8
C4,rlm,gpt,Q21,comparison,2,OK,16.376,0.024317,5,11
C4,rlm,gpt,Q22,comparison,1,OK,12.218,0.025353,1,16
C4,rlm,gpt,Q22,comparison,2,OK,15.287,0.037942,3,14
C4,rlm,gpt,Q23,comparison,1,OK,15.716,0.047539,5,9
C4,rlm,gpt,Q23,comparison,2,OK,11.372,0.030763,5,8
C4,rlm,gpt,Q24,comparison,1,OK,20.751,0.18736,5,16
C4,rlm,gpt,Q24,comparison,2,OK,13.721,0.056434,4,7
C4,rlm,gpt,Q25,comparison,1,OK,10.864,0.021251,1,16
C4,rlm,gpt,Q25,comparison,2,OK,17.881,0.053086,2,12
C4,rlm,gpt,Q26,comparison,1,OK,15.235,0.044288,5,8
C4,rlm,gpt,Q26,comparison,2,OK,12.785,0.044134,5,7
C4,rlm,gpt,Q27,comparison,1,OK,21.775,0.088026,2,13
C4,rlm,gpt,Q27,comparison,2,OK,22.963,0.103978,2,11
C4,rlm,gpt,Q28,comparison,1,OK,17.735,0.08943,4,16
C4,rlm,gpt,Q28,comparison,2,OK,12.383,0.028156,3,7
C4,rlm,gpt,Q29,comparison,1,OK,21.906,0.058501,5,12
C4,rlm,gpt,Q29,comparison,2,OK,14.929,0.036325,4,14
C4,rlm,gpt,Q30,comparison,1,OK,13.262,0.023907,5,14
C4,rlm,gpt,Q30,comparison,2,OK,14.629,0.033481,4,10
C4,rlm,gpt,Q31,synthesis,1,OK,25.869,0.061262,4,8
C4,rlm,gpt,Q31,synthesis,2,OK,14.722,0.019949,1,16
C4,rlm,gpt,Q32,synthesis,1,OK,22.419,0.029526,4,11
C4,rlm,gpt,Q32,synthesis,2,OK,14.854,0.020108,1,16
C4,rlm,gpt,Q33,synthesis,1,OK,24.258,0.040091,4,13
C4,rlm,gpt,Q33,synthesis,2,OK,18.728,0.033934,5,7
C4,rlm,gpt,Q34,synthesis,1,OK,23.762,0.022989,4,6
C4,rlm,gpt,Q34,synthesis,2,OK,16.772,0.040476,4,7
C4,rlm,gpt,Q35,synthesis,1,OK,18.734,0.022455,1,16
C4,rlm,gpt,Q35,synthesis,2,OK,15.222,0.02022,1,16
C4,rlm,gpt,Q36,synthesis,1,OK,24.91,0.057062,4,10
C4,rlm,gpt,Q36,synthesis,2,OK,35.022,0.053992,5,8
C4,rlm,gpt,Q37,synthesis,1,OK,35.275,0.184506,4,13
C4,rlm,gpt,Q37,synthesis,2,OK,24.74,0.028122,5,16
C4,rlm,gpt,Q38,synthesis,1,OK,22.769,0.037583,4,8
C4,rlm,gpt,Q38,synthesis,2,OK,22.264,0.049305,4,8
C4,rlm,gpt,Q39,synthesis,1,OK,32.324,0.125765,4,16
C4,rlm,gpt,Q39,synthesis,2,OK,20.402,0.038197,4,7
C4,rlm,gpt,Q40,synthesis,1,OK,27.248,0.053978,4,12
C4,rlm,gpt,Q40,synthesis,2,OK,33.786,0.080788,4,11
